INSERT INTO tb_prj_project(prj_id,prj_name,prj_desc,prj_points,prj_datetime) VALUES('2','parques do porto','','41.161834,-8.6390192 41.161834,-8.5703117 41.140188,-8.5703117 41.140188,-8.6390192 ','1485180386431');
INSERT INTO tb_prj_project(prj_id,prj_name,prj_desc,prj_points,prj_datetime) VALUES('6','','','','1489176350447');
INSERT INTO tb_prj_project(prj_id,prj_name,prj_desc,prj_points,prj_datetime) VALUES('7','','','','1489244102916');
INSERT INTO tb_pos_publicopenspace(pos_id,pos_name,pos_type,pos_points,prj_id,pos_datetime) VALUES('1','palácio','PARK','41.14887885621484,-8.626699335873127 41.148693547597816,-8.625447079539299 41.14839892096629,-8.625055812299252 41.148344135919686,-8.624581061303616 41.148099748610406,-8.624211922287941 41.14749332079494,-8.624810054898262 41.14784702895765,-8.62669363617897 41.14853348496481,-8.626324832439423 41.14860518499385,-8.62703461199999 ','1','1484744840071');
INSERT INTO tb_pos_publicopenspace(pos_id,pos_name,pos_type,pos_points,prj_id,pos_datetime) VALUES('2','Jardim do Carrilho Videira (Carregal)','GARDEN','41.14791797233512,-8.619906306266786 41.1479866434317,-8.619735650718212 41.148086620340784,-8.61931286752224 41.14812373294246,-8.618832752108574 41.14803435970277,-8.61881095916033 41.148123985409065,-8.618110567331314 41.14843275134087,-8.618232943117619 41.1485188419915,-8.618438467383385 41.14860392267006,-8.619144223630428 41.14860013569859,-8.619276992976665 41.148550905049476,-8.619386292994022 41.148429721755804,-8.619520738720892 ','2','1485180386470');
INSERT INTO tb_pos_publicopenspace(pos_id,pos_name,pos_type,pos_points,prj_id,pos_datetime) VALUES('3','Praça Infante Dom Henrique','SQUARE','41.14085279650979,-8.615257032215595 41.14165168456178,-8.61523725092411 41.14164082742528,-8.614534847438335 41.14110933052273,-8.614560663700106 41.14104721706441,-8.614690080285072 ','2','1485180386490');
INSERT INTO tb_pos_publicopenspace(pos_id,pos_name,pos_type,pos_points,prj_id,pos_datetime) VALUES('4','Largo Palmira Milheiros','SQUARE','41.17909734805179,-8.618335872888565 41.17909961917752,-8.61821249127388 41.17904788796083,-8.617375306785107 41.179026438419974,-8.617358207702638 41.17896562262476,-8.617378994822502 41.178573220596846,-8.617613017559052 41.17854041517614,-8.617656268179417 41.178499029852716,-8.617691807448864 41.178630251519905,-8.618412986397743 ','2','1485180386506');
INSERT INTO tb_pos_publicopenspace(pos_id,pos_name,pos_type,pos_points,prj_id,pos_datetime) VALUES('5','Praça de Liège','SQUARE','41.15434724434258,-8.676558583974838 41.15458958883089,-8.676035553216934 41.15528279009768,-8.676650449633598 41.15498768819663,-8.67724321782589 41.1547579672343,-8.676921017467976 ','2','1485180386522');
INSERT INTO tb_pos_publicopenspace(pos_id,pos_name,pos_type,pos_points,prj_id,pos_datetime) VALUES('6','Jardim de Belém (Rua de Arroios)','GARDEN','41.172236927240895,-8.584404252469541 41.1720612748839,-8.583799414336681 41.17249813353876,-8.58358785510063 41.17267227049209,-8.584191352128983 ','2','1485180386539');
INSERT INTO tb_pos_publicopenspace(pos_id,pos_name,pos_type,pos_points,prj_id,pos_datetime) VALUES('7','Parque de Nova Sintra','PARK','41.14471458772966,-8.58967948704958 41.14458986262293,-8.589619807898998 41.14408111301986,-8.589542359113693 41.14312419860647,-8.58984176069498 41.14228998003177,-8.59137162566185 41.14294493340356,-8.592292964458466 41.14368951200189,-8.590643405914307 41.144440646647155,-8.590194471180439 41.144687824872506,-8.590423129498959 41.145126885837506,-8.590613566339016 41.14517914879281,-8.590510301291943 ','2','1485180386556');
INSERT INTO tb_pos_publicopenspace(pos_id,pos_name,pos_type,pos_points,prj_id,pos_datetime) VALUES('8','Jardim do Palácio de Cristal','GARDEN','41.14560936979867,-8.624637387692928 41.145303367823786,-8.628017976880074 41.145929004000116,-8.628891371190548 41.14616708754684,-8.628148399293423 41.14712421002822,-8.628331124782562 41.1478823744222,-8.627958633005619 41.1479952273137,-8.627160005271435 41.14856352829637,-8.627043664455414 41.148784939651506,-8.626732863485813 41.14859432900856,-8.625360578298569 41.148285816303634,-8.624536134302614 41.14813534640532,-8.624269925057888 41.14698913819552,-8.624928407371044 ','2','1485180386574');
INSERT INTO tb_pos_publicopenspace(pos_id,pos_name,pos_type,pos_points,prj_id,pos_datetime) VALUES('9','Jardim João Chagas (Cordoaria)','GARDEN','41.14552251789813,-8.61550111323595 41.14588482085022,-8.615436404943466 41.14604261767744,-8.61632689833641 41.14634432415397,-8.616359755396843 41.14660664355227,-8.616910949349403 41.14674979527407,-8.617634810507296 41.14672076099948,-8.617750480771065 41.144937779433796,-8.617271706461906 41.14485496631095,-8.61715603619814 41.14489511049026,-8.616897873580456 ','2','1485180386590');
INSERT INTO tb_pos_publicopenspace(pos_id,pos_name,pos_type,pos_points,prj_id,pos_datetime) VALUES('10','Jardim Passeio Alegre','GARDEN','41.147579412679036,-8.668245747685432 41.14784500921625,-8.668168634176254 41.14901240937565,-8.67129173129797 41.14903891800472,-8.672887310385704 41.14849182822181,-8.672909438610077 41.1483835205661,-8.672502748668192 41.14815276659579,-8.672579526901245 41.14813484147221,-8.672383390367031 41.14770488950417,-8.672563768923283 ','2','1485180386605');
INSERT INTO tb_pos_publicopenspace(pos_id,pos_name,pos_type,pos_points,prj_id,pos_datetime) VALUES('11','Jardim do Cálem','GARDEN','41.14670864234197,-8.657949082553387 41.146650068798955,-8.657999038696287 41.14666193499508,-8.657660074532032 41.146952277422756,-8.65720309317112 41.147885908967616,-8.653836585581303 41.147885908967616,-8.653528802096844 41.14793312037731,-8.652980290353298 41.14785586532555,-8.6522376537323 41.14816968184879,-8.652218878269197 41.14828480643968,-8.653255552053452 41.14848071975253,-8.653302490711212 41.148668048687185,-8.653473481535912 41.14866577650655,-8.653886877000332 41.148553934628985,-8.654310330748558 ','2','1485180386619');
INSERT INTO tb_pos_publicopenspace(pos_id,pos_name,pos_type,pos_points,prj_id,pos_datetime) VALUES('12','Jardim Marquês Oliveira (São Lázaro)','GARDEN','41.146389769360695,-8.601913377642633 41.14603580086235,-8.603324890136719 41.14555432994483,-8.603144511580469 41.145657845228044,-8.602115549147129 41.14571364242267,-8.601882532238958 ','2','1485180386632');
INSERT INTO tb_pos_publicopenspace(pos_id,pos_name,pos_type,pos_points,prj_id,pos_datetime) VALUES('13','Parque da Pasteleira','PARK','41.1527469909038,-8.658634386956694 41.15291486914372,-8.658017814159393 41.15287296273613,-8.657289929687977 41.152563712815706,-8.656879216432571 41.152252189380164,-8.656800091266632 41.15263995252342,-8.655117005109787 41.15263490353889,-8.655037209391594 41.15240744638277,-8.654925897717476 41.15221861342717,-8.655005022883415 41.152057549594076,-8.655518665909767 41.1517551120484,-8.656099699437618 41.15148019056467,-8.656648211181164 41.151125744636424,-8.657472990453241 41.15090181662707,-8.658135831356049 41.15056554449315,-8.660829104483128 41.15042543059501,-8.661966361105442 41.1510439491501,-8.662539012730122 41.15148347246246,-8.662566170096397 41.15130044329638,-8.660600110888481 41.15160136822025,-8.660459630191326 41.15207774570769,-8.660475723445415 41.152368821504254,-8.66004690527916 41.15192526489602,-8.65983098745346 41.15196187042123,-8.659166470170021 41.15199039747154,-8.659025989472866 41.15252357333133,-8.659198991954327 ','2','1485180386649');
INSERT INTO tb_pos_publicopenspace(pos_id,pos_name,pos_type,pos_points,prj_id,pos_datetime) VALUES('14','Jardim Paulo Vallada','GARDEN','41.153283694864754,-8.599559068679811 41.15324153624605,-8.599534928798676 41.15321477686918,-8.599493354558945 41.152554624632735,-8.597205430269241 41.15258365632397,-8.596892282366753 41.15269220949041,-8.596753813326359 41.15335639948487,-8.596374616026878 41.15340183983147,-8.596415184438229 41.153458640220435,-8.596373274922371 41.153565172372815,-8.596556670963764 41.153659082088694,-8.596812486648561 41.15372825206221,-8.59686378389597 41.15371865915053,-8.596957996487617 41.15341269502073,-8.596911393105984 41.153384673482,-8.59715446829796 41.1536961915361,-8.597199060022831 41.15337306094893,-8.599451445043087 41.1533614484138,-8.599500730633736 41.15334377716075,-8.599535934627054 ','2','1485180386667');
INSERT INTO tb_pos_publicopenspace(pos_id,pos_name,pos_type,pos_points,prj_id,pos_datetime) VALUES('15','Mota Galiza/Jardim Sophia','GARDEN','41.1525710338511,-8.626251071691513 41.15232565249549,-8.626180328428745 41.15216686098477,-8.626094833016394 41.152149694311916,-8.626045547425747 41.15158319158619,-8.625896014273165 41.15138829735988,-8.62585075199604 41.151259040765886,-8.625876232981684 41.150955337258054,-8.626003302633762 41.15081017506786,-8.62618200480938 41.150909642759814,-8.62641703337431 41.15132871818024,-8.62624704837799 41.15129413193672,-8.626461625099182 41.151448128939165,-8.626583665609358 41.15178894069125,-8.626759350299835 41.15189926233809,-8.626912571489811 41.151944198790915,-8.627057075500488 41.15205351037059,-8.626992367208004 41.1523357505118,-8.627107702195644 ','2','1485180386684');
INSERT INTO tb_pos_publicopenspace(pos_id,pos_name,pos_type,pos_points,prj_id,pos_datetime) VALUES('16','Jardim Marquês de Pombal','GARDEN','41.1607105095879,-8.604966402053833 41.160781691463576,-8.604965396225452 41.160887202044876,-8.604946956038475 41.16096141273472,-8.60489834100008 41.16185395376867,-8.604445718228817 41.16188272892781,-8.604409173130989 41.161843352391074,-8.604057803750038 41.16178782133754,-8.604012541472912 41.16170174811155,-8.603968620300293 41.16162450928466,-8.603954538702965 41.161555852473235,-8.60396794974804 41.16142762558869,-8.60399879515171 41.160591115700875,-8.60440045595169 41.16041164583357,-8.604452423751354 41.160539117449524,-8.604881912469866 ','2','1485180386699');
INSERT INTO tb_pos_publicopenspace(pos_id,pos_name,pos_type,pos_points,prj_id,pos_datetime) VALUES('17','Praça Francisco Sá Carneiro  ','SQUARE','41.16254531133388,-8.590999133884907 41.16152783441556,-8.591834306716919 41.161537678599366,-8.59201904386282 41.161597500915214,-8.592183664441109 41.161617189260404,-8.59223060309887 41.16187742824154,-8.592796213924885 41.162004139767134,-8.592901155352592 41.16214044272827,-8.592962175607683 41.16224923248089,-8.5930060967803 41.162387301814064,-8.593005426228046 41.162501896615595,-8.592976592481136 41.16276364654504,-8.592800907790663 41.16289237563503,-8.592648021876812 41.16297466115614,-8.592454567551613 41.16301580387794,-8.592290617525578 41.16303725866129,-8.592095486819744 41.163036249024586,-8.591944612562655 41.163002426185955,-8.59176691621542 41.162909287084915,-8.591542281210423 41.16267227397869,-8.59107993543148 ','2','1485180386715');
INSERT INTO tb_pos_publicopenspace(pos_id,pos_name,pos_type,pos_points,prj_id,pos_datetime) VALUES('18','Praça Mouzinho de Albuquerque (Boavista)','SQUARE','41.15709679193306,-8.628634884953499 41.15702409146137,-8.629001677036285 41.157016266058584,-8.629346340894699 41.15711496703839,-8.62974263727665 41.15720180358313,-8.629946149885654 41.15731691231397,-8.630096018314362 41.15751961425864,-8.630228787660599 41.15769328616096,-8.63033574074507 41.15807293941466,-8.630383685231209 41.15829482350953,-8.630296513438225 41.15848742536289,-8.630157373845577 41.15865175493712,-8.629946820437908 41.158721929345575,-8.62984523177147 41.15881280256864,-8.629600144922735 41.158877171025416,-8.629357405006886 41.15889332623602,-8.629150874912739 41.158898374738506,-8.628956750035286 41.15884031693632,-8.62875759601593 41.158778725124755,-8.628560788929462 41.15868987126183,-8.628385439515114 41.15859092022724,-8.628232888877392 41.15847505645353,-8.628110848367214 41.1583528817949,-8.627998530864714 41.15818451262565,-8.627940863370897 41.15801260902463,-8.627903312444689 41.15783186995057,-8.627915382385254 41.157627906821496,-8.627983443439005 41.15751860453693,-8.628039434552193 41.15741157394771,-8.62811990082264 41.15731236855211,-8.62822886556387 41.15718211391155,-8.628430031239986 ','2','1485180386733');
INSERT INTO tb_pos_publicopenspace(pos_id,pos_name,pos_type,pos_points,prj_id,pos_datetime) VALUES('19','Praça Rainha D. Amélia','SQUARE','41.158059055857024,-8.598793968558313 41.157956822296555,-8.598163314163685 41.15889484078679,-8.597797863185406 41.15906043146205,-8.598048314452171 41.15912050846334,-8.598081171512604 41.15923839048654,-8.59776433557272 41.15932648633547,-8.598176389932632 41.1593529907941,-8.598553910851479 41.1589756167782,-8.598594143986702 ','2','1485180386747');
INSERT INTO tb_pos_publicopenspace(pos_id,pos_name,pos_type,pos_points,prj_id,pos_datetime) VALUES('20','Praça da República (Teófilo Braga)','SQUARE','41.155086392230984,-8.611980713903904 41.15510507277317,-8.612826615571976 41.15508765442994,-8.612968772649765 41.15507907147649,-8.613071031868458 41.15504423477158,-8.613176308572292 41.15499829068313,-8.613257110118866 41.15389309845665,-8.613272532820702 41.15379514995985,-8.613233640789986 41.15377672148919,-8.613137416541575 41.153773944595905,-8.612232506275177 41.15378303260988,-8.61215841025114 41.153817617540355,-8.612052798271177 ','2','1485180386760');
INSERT INTO tb_pos_publicopenspace(pos_id,pos_name,pos_type,pos_points,prj_id,pos_datetime) VALUES('21','Parque do Covelo','PARK','41.16551990827314,-8.60274251550436 41.16653505164941,-8.603413738310337 41.16668472212967,-8.603481128811836 41.167016368485115,-8.603866025805473 41.16724478451933,-8.604258969426155 41.16845651195461,-8.604401461780071 41.16879294469547,-8.605068661272526 41.169387818164765,-8.60586293041706 41.16941734716954,-8.606026880443096 41.169008735229035,-8.606308177113533 41.16873969101587,-8.606371209025383 41.16646009008306,-8.606366850435734 41.16606433197467,-8.60636718571186 41.165862161253266,-8.606391996145248 41.1654600895378,-8.60634505748749 ','2','1485180386776');
INSERT INTO tb_pos_publicopenspace(pos_id,pos_name,pos_type,pos_points,prj_id,pos_datetime) VALUES('22','Jardim do Campo 24 de Agosto','GARDEN','41.14951632395621,-8.599339462816715 41.14947971706555,-8.599372655153275 41.14943124446161,-8.599396795034409 41.149373935659696,-8.599396459758282 41.14935070917063,-8.599371314048767 41.1491234930829,-8.59903335571289 41.14912021106697,-8.598959594964981 41.149119201215896,-8.598863370716572 41.149134601443265,-8.598779886960983 41.1500606281401,-8.598235733807087 41.15015126091181,-8.598428517580034 ','2','1485180386789');
INSERT INTO tb_pos_publicopenspace(pos_id,pos_name,pos_type,pos_points,prj_id,pos_datetime) VALUES('23','Parque de São Roque','PARK','41.15758095482321,-8.586894012987614 41.157531478487556,-8.58725141733885 41.15778012193955,-8.587343282997608 41.15781546204905,-8.587387204170227 41.15780889888731,-8.587436825037003 41.15756909060328,-8.58902134001255 41.15768975214427,-8.589059561491013 41.15760493568675,-8.589618131518362 41.15752062398035,-8.589582927525042 41.157337359238426,-8.59029471874237 41.157488565309016,-8.590242415666578 41.157652140097795,-8.590144179761408 41.15768419868908,-8.590087853372097 41.15830744488029,-8.58982365578413 41.15836701771749,-8.58982365578413 41.15952489087969,-8.590262532234192 41.16017209949249,-8.589108847081661 41.16044319823683,-8.588677681982517 41.1606875395335,-8.588347770273685 41.16120045135839,-8.587783500552177 41.16112396919032,-8.5876976698637 41.16101593482067,-8.587618879973888 41.160145847785444,-8.58705896884203 41.159564268809405,-8.586781360208988 41.15931588454905,-8.587096855044365 41.15939211640387,-8.587248735129831 41.15928685583931,-8.587373122572899 41.15932800087628,-8.587434142827988 41.158808006485025,-8.588119447231293 41.1585878911116,-8.587763383984566 41.15852099810509,-8.587792553007603 41.15844981377413,-8.58770303428173 41.158359697329374,-8.587754666805266 41.15827286231862,-8.58759742230177 41.1586381239282,-8.587326519191265 41.158637619075954,-8.587175980210304 41.15862297835942,-8.587124682962894 41.15859798816324,-8.587089478969574 41.158371308979085,-8.58691178262234 41.15819132817765,-8.586751855909824 41.15816381353751,-8.586762920022009 41.15813604645779,-8.586815893650055 41.15808959967996,-8.58685277402401 41.158043910154426,-8.586904406547546 41.15800150216854,-8.586918488144875 41.157889423788006,-8.586903400719166 41.157866705174,-8.586942628026009 41.157816724195456,-8.586938604712486 ','2','1485180386815');
INSERT INTO tb_pos_publicopenspace(pos_id,pos_name,pos_type,pos_points,prj_id,pos_datetime) VALUES('24','Praça da Corujeira','SQUARE','41.15625341101718,-8.578551672399044 41.15622210903235,-8.579757660627363 41.15845460988399,-8.579838126897812 41.15848338653559,-8.57982974499464 41.158527308768996,-8.579796552658081 41.158542201933415,-8.578649908304214 ','2','1485180386832');
INSERT INTO tb_pos_publicopenspace(pos_id,pos_name,pos_type,pos_points,prj_id,pos_datetime) VALUES('25','Parque da Cidade','PARK','41.16649416353294,-8.67968536913395 41.165235958094414,-8.672170490026474 41.16543308274907,-8.671865724027157 41.16571804166903,-8.671845607459545 41.166827325220346,-8.671991117298603 41.16733085046494,-8.672336116433144 41.168419663252386,-8.671573363244534 41.168888851687015,-8.6719274148345 41.16915259518991,-8.671325258910656 41.169998838705986,-8.671689368784426 41.170279739669816,-8.671201542019844 41.170633829645034,-8.671677634119987 41.17106161220149,-8.672153726220131 41.170940218143365,-8.673197776079178 41.171845242028965,-8.674347773194313 41.17149090622442,-8.67500189691782 41.17196966290742,-8.67531605064869 41.17181419986627,-8.675739504396915 41.17138642222387,-8.678669147193432 41.171410398035825,-8.679015152156353 41.171173668055474,-8.678903840482235 41.17087459963991,-8.67911908775568 41.17086627113285,-8.679285049438477 41.17107397873532,-8.679982088506222 41.17124736234148,-8.680087365210056 41.17150983446755,-8.680208399891853 41.171800571595064,-8.680234216153622 41.17182328537882,-8.680366314947605 41.17151160110331,-8.680429011583328 41.170836490401975,-8.683379106223583 41.17059395360659,-8.683403581380844 41.170415773037064,-8.684072457253933 41.170449087288034,-8.684541508555412 41.17048416818551,-8.684656843543053 41.17070121504723,-8.68479497730732 41.170818319101905,-8.684975020587444 41.170816300068246,-8.685221448540688 41.17092482303883,-8.685492016375065 41.17117038714356,-8.6860566213727 41.17155753361602,-8.68637915700674 41.171824799630805,-8.686812669038773 41.17190101693474,-8.687226064503193 41.171897483684184,-8.687444999814034 41.17182025687478,-8.687650188803673 41.17109391661148,-8.68714090436697 41.17081655244747,-8.686993718147278 41.17058284888271,-8.68692934513092 41.17025071581651,-8.686897158622742 41.170056381858664,-8.686956837773323 41.16986129017574,-8.686990700662134 41.169639950008026,-8.687133863568306 41.16937191792591,-8.687337040901184 41.16906476493556,-8.687597885727882 41.16908823682542,-8.687167726457119 41.169167233554184,-8.68685256689787 41.16919625788748,-8.686499185860157 41.16904356451171,-8.685749508440495 41.16891939046276,-8.685491345822811 41.168712685578846,-8.685343489050865 41.168662208096656,-8.685047775506973 41.16848755570823,-8.685018941760063 41.16847493629795,-8.684722892940044 41.168248291275845,-8.68459615856409 41.16818191290822,-8.684346713125706 41.168008521189655,-8.683633580803871 41.16797772959922,-8.683309704065325 41.168040574715135,-8.682893961668015 41.167841186388614,-8.682330697774887 41.16806581370054,-8.681270554661753 41.16794340453055,-8.680912479758263 41.16765795050541,-8.680622465908527 41.167020659180395,-8.680028691887854 41.166758421464834,-8.679650500416756 ','2','1485180386867');
INSERT INTO tb_pos_publicopenspace(pos_id,pos_name,pos_type,pos_points,prj_id,pos_datetime) VALUES('26','Praça Nove de Abril (Arca d''Água)','SQUARE','41.17100457468866,-8.611277639865875 41.172662175608885,-8.611100278794765 41.17278861390877,-8.612806499004364 41.1723093584636,-8.612625785171986 41.17111713539634,-8.612763583660126 ','2','1485180386881');
INSERT INTO tb_pos_publicopenspace(pos_id,pos_name,pos_type,pos_points,prj_id,pos_datetime) VALUES('27','Parque das Virtudes','PARK','41.14569445425251,-8.61853402107954 41.14605094933938,-8.618615493178368 41.14611154321243,-8.618662096560001 41.14613527579744,-8.618733510375023 41.14610295908381,-8.618941381573677 41.145129158140776,-8.619546890258789 41.14477922250944,-8.6199451982975 41.14496125996483,-8.620279468595982 41.14473453362553,-8.620457164943218 41.14450932138546,-8.620193973183632 41.144320213200814,-8.61943256109953 41.14438712069831,-8.61937690526247 41.14439040295116,-8.618918918073177 41.144448726031875,-8.618909530341625 41.1444648847983,-8.618862591683865 41.14447952867695,-8.618837110698223 41.14454971825676,-8.618512228131294 41.14517712896923,-8.61859805881977 41.14539198735448,-8.618680536746979 41.14550156233513,-8.618789501488209 41.145739647433814,-8.618824370205402 ','2','1485180386898');
INSERT INTO tb_pos_publicopenspace(pos_id,pos_name,pos_type,pos_points,prj_id,pos_datetime) VALUES('28','Jardim do Conhecimento','GARDEN','41.16358044095352,-8.596994541585445 41.1629832430757,-8.597126975655556 41.16288606539139,-8.59630823135376 41.163461052294835,-8.596185185015202 ','2','1485180386912');
INSERT INTO tb_pos_publicopenspace(pos_id,pos_name,pos_type,pos_points,prj_id,pos_datetime) VALUES('29','Jardim Montevideu','GARDEN','41.16736012800422,-8.688441775739193 41.16732984089437,-8.6886365711689 41.16736113757432,-8.688861206173897 41.16743281701076,-8.689078129827974 41.16750979659987,-8.689198158681393 41.16718900564967,-8.689723536372185 41.167032016901835,-8.689669892191885 41.16678239897039,-8.689621947705744 41.166657715845716,-8.689306452870369 41.16645529455907,-8.6892806366086 41.16607417547701,-8.688802868127823 41.16571854646675,-8.688518889248371 41.16567387185561,-8.688576221466064 41.16546538993426,-8.688419982790947 41.16523797730001,-8.687997534871101 41.165131968921116,-8.687992170453072 41.16507770266079,-8.687924109399319 41.16481772879034,-8.687952272593975 41.16467411171478,-8.687793351709843 41.164623126315234,-8.68764515966177 41.16432831887078,-8.687662594020367 41.164275061562584,-8.687393702566624 41.164230890776494,-8.687270991504192 41.16410115469551,-8.687249198555946 41.16408197190686,-8.687073178589344 41.16413876304114,-8.68686430156231 41.16396965151859,-8.686788529157639 41.16399893055971,-8.686624579131603 41.16337094274035,-8.686324842274189 41.16338053423944,-8.68606198579073 41.1671160639792,-8.688146397471426 ','2','1485180386929');
INSERT INTO tb_pos_publicopenspace(pos_id,pos_name,pos_type,pos_points,prj_id,pos_datetime) VALUES('30','Parque Oriental','PARK','41.15752870175332,-8.562150970101357 41.15754334271429,-8.562265969812868 41.15709426761248,-8.564592450857162 41.15628193620002,-8.566291965544224 41.15582149279371,-8.568062223494053 41.15586920336266,-8.568742498755455 41.155823007415485,-8.568881638348103 41.155665991439065,-8.568754903972149 41.15554987005704,-8.568798825144768 41.15510355813482,-8.56821209192276 41.15490614996921,-8.567872121930122 41.15479810535061,-8.567495942115785 41.15479835779151,-8.567143231630325 41.15503035057242,-8.565672375261784 41.15493593794019,-8.565026298165321 41.154995766281736,-8.564740307629108 41.15540648511015,-8.563309349119663 41.15543576797691,-8.563080690801144 41.15541102900413,-8.562821187078953 41.15534236568383,-8.562604598701 41.15523760349407,-8.56245942413807 41.1550821007543,-8.562218695878983 41.15509548006298,-8.562053740024567 41.15561853315995,-8.562172092497349 41.1556869437535,-8.561714440584183 41.15634580227236,-8.56175433844328 41.15659646969389,-8.561781495809555 41.15721720191191,-8.56218483299017 41.1574065253307,-8.562189191579819 ','2','1485180386948');
INSERT INTO tb_pos_publicopenspace(pos_id,pos_name,pos_type,pos_points,prj_id,pos_datetime) VALUES('31','Jardim da Casa da Prelada','GARDEN','41.17003265793342,-8.631088100373745 41.17024163008587,-8.630388043820856 41.171174172811156,-8.630767911672592 41.1708849471775,-8.631652034819126 ','2','1485180386963');
INSERT INTO tb_pos_publicopenspace(pos_id,pos_name,pos_type,pos_points,prj_id,pos_datetime) VALUES('32','Largo Dom João III','SQUARE','41.15717908473079,-8.661013171076775 41.157440603488,-8.660281263291836 41.15793940471111,-8.660619221627712 41.15767687822474,-8.661339059472084 ','2','1485180386984');
INSERT INTO tb_pos_publicopenspace(pos_id,pos_name,pos_type,pos_points,prj_id,pos_datetime) VALUES('33','Rua Sarah Afonso','GARDEN','41.17260387762793,-8.637396320700645 41.171660503087935,-8.636247999966146 41.171892183808026,-8.636123947799206 41.17182757575931,-8.635756820440292 41.171983291143434,-8.635701164603233 41.172211942236096,-8.635467141866684 41.17245876338081,-8.635811805725098 41.17272072590983,-8.636136017739773 41.173293859928684,-8.636568188667297 41.17299227748348,-8.63705936819315 ','2','1485180387003');
INSERT INTO tb_pos_publicopenspace(pos_id,pos_name,pos_type,pos_points,prj_id,pos_datetime) VALUES('34','Antero Figueiredo','SQUARE','41.15417911732747,-8.674430251121521 41.153828725105406,-8.674157336354256 41.15380827708647,-8.674132190644741 41.153773944595905,-8.674070499837399 41.15427479326433,-8.673944100737572 41.154458066568715,-8.673944100737572 ','2','1485180387018');
INSERT INTO tb_pos_publicopenspace(pos_id,pos_name,pos_type,pos_points,prj_id,pos_datetime) VALUES('35','Jardim José Roquette','GARDEN','41.15430609617904,-8.670679181814194 41.15453758581826,-8.671414777636528 41.154675418955634,-8.671879805624485 41.15491624758799,-8.672223128378391 41.15483193242324,-8.672338128089905 41.1544552897043,-8.671976365149021 41.15416573783178,-8.67166690528393 41.153898147344286,-8.671341016888618 ','2','1485180387031');
INSERT INTO tb_pos_publicopenspace(pos_id,pos_name,pos_type,pos_points,prj_id,pos_datetime) VALUES('36','Jardim Machado de Assis','GARDEN','41.16190418408209,-8.647662475705147 41.16196122951695,-8.647984340786934 41.16212857933366,-8.647997416555882 41.16216997499915,-8.648193217813969 41.163419909852536,-8.647768087685108 41.163751572731876,-8.647119328379631 ','2','1485180387045');
INSERT INTO tb_pos_publicopenspace(pos_id,pos_name,pos_type,pos_points,prj_id,pos_datetime) VALUES('37','Largo Capitão Pinheiro Torres de Meireles','SQUARE','41.15140167742243,-8.676071763038635 41.151229251124114,-8.675823993980886 41.151466558064406,-8.675613105297089 41.15152260276961,-8.675555437803268 41.1516203022087,-8.675666749477386 41.151692503767805,-8.675540685653687 41.15179424219341,-8.67565467953682 41.15194041201239,-8.67587260901928 41.15192879922347,-8.675954416394234 41.15161803013035,-8.676250465214252 41.15157587044049,-8.67627426981926 41.15155037265082,-8.676267229020597 ','2','1485180387058');
INSERT INTO tb_pos_publicopenspace(pos_id,pos_name,pos_type,pos_points,prj_id,pos_datetime) VALUES('38','Largo da Pena','GARDEN','41.15079780470983,-8.630334734916687 41.15084122718079,-8.630440346896648 41.15102804446034,-8.6303236708045 41.15114442630728,-8.630279414355755 41.15129110248386,-8.63026063889265 41.15118911082266,-8.630012199282646 41.151158816239274,-8.629972971975803 41.15111084978695,-8.62993273884058 41.150952812700965,-8.630030639469622 ','2','1485180387072');
INSERT INTO tb_pos_publicopenspace(pos_id,pos_name,pos_type,pos_points,prj_id,pos_datetime) VALUES('39','Largo dos Cisnes','GARDEN','41.180254097894675,-8.63763839006424 41.18009814982724,-8.637052997946737 41.18017511453477,-8.637006729841232 41.180296743822566,-8.63724410533905 41.18046959833468,-8.637522384524345 ','2','1485180387085');
INSERT INTO tb_pos_publicopenspace(pos_id,pos_name,pos_type,pos_points,prj_id,pos_datetime) VALUES('40','Largo Escultor José Moreira Silva','SQUARE','41.15462745507624,-8.602985925972463 41.15458327778786,-8.602521903812885 41.15517727049437,-8.602573871612549 41.155196960768166,-8.60273078083992 ','2','1485180387103');
INSERT INTO tb_pos_publicopenspace(pos_id,pos_name,pos_type,pos_points,prj_id,pos_datetime) VALUES('41','Jardim Botânico do Porto','PARK','41.15388325312467,-8.641767650842667 41.15379136328821,-8.641806878149508 41.15157536553385,-8.641775697469711 41.15177707542298,-8.642302080988884 41.152322623090306,-8.643239177763462 41.152949202084194,-8.643916435539722 41.153684074167835,-8.644546419382095 41.154392936444864,-8.644846826791763 41.15450603057204,-8.643945939838886 ','2','1485256340993');
INSERT INTO tb_pos_publicopenspace(pos_id,pos_name,pos_type,pos_points,prj_id,pos_datetime) VALUES('42','Largo Maternidade Júlio Dinis','SQUARE','41.15067965505024,-8.623150438070297 41.150241641099804,-8.623094111680984 41.15004699534466,-8.623959459364414 41.15047566966679,-8.623519912362099 ','2','1485338091646');
INSERT INTO tb_pos_publicopenspace(pos_id,pos_name,pos_type,pos_points,prj_id,pos_datetime) VALUES('43','Jardim do Bonjardim/Largo Dr Tito Fontes','GARDEN','41.152803539411586,-8.608381189405916 41.1527376502974,-8.608111292123795 41.15346848561619,-8.607977516949177 41.15348085547029,-8.608093187212944 41.152938346818196,-8.608283624053003 ','2','1485338527101');
INSERT INTO tb_pos_publicopenspace(pos_id,pos_name,pos_type,pos_points,prj_id,pos_datetime) VALUES('44','Parque Infantil Adelaide Estrada','PARK','41.171482577795686,-8.638191930949688 41.17122237695929,-8.637757077813148 41.17176120101793,-8.637197501957417 41.172020390216026,-8.637628331780434 ','2','1485340100634');
INSERT INTO tb_pos_publicopenspace(pos_id,pos_name,pos_type,pos_points,prj_id,pos_datetime) VALUES('45','Praça Álamos e Choupos','SQUARE','41.17263517178868,-8.658985421061516 41.17325625683763,-8.658175729215145 41.17314319506473,-8.658015467226505 41.173194173834716,-8.657951429486275 41.172843883268584,-8.657478019595146 41.17266747542277,-8.657714053988457 41.17238330384527,-8.657331503927708 41.17226014562067,-8.657469637691975 41.17255340314366,-8.657853193581104 41.172389613174346,-8.658067099750042 41.17273132552768,-8.658561632037163 41.17250494760216,-8.65883655846119 ','2','1485342399491');
INSERT INTO tb_pos_publicopenspace(pos_id,pos_name,pos_type,pos_points,prj_id,pos_datetime) VALUES('46','Praça Carlos Alberto','SQUARE','41.14877888051375,-8.616207204759121 41.14883290780549,-8.615712672472 41.14876423759525,-8.615629859268665 41.14867234058372,-8.61555241048336 41.148615536047885,-8.615620136260986 41.14824365447097,-8.615796156227589 41.148273697935345,-8.61596915870905 ','2','1485342712889');
INSERT INTO tb_pos_publicopenspace(pos_id,pos_name,pos_type,pos_points,prj_id,pos_datetime) VALUES('47','Praça das Flores/Jardim Guedes de Oliveira','SQUARE','41.15623397349611,-8.591506071388721 41.155597075948016,-8.591493666172028 41.1555874833098,-8.590473756194115 41.156245585522385,-8.590493202209473 ','2','1485343007191');
INSERT INTO tb_pos_publicopenspace(pos_id,pos_name,pos_type,pos_points,prj_id,pos_datetime) VALUES('48','Praça do Império','SQUARE','41.155623329476946,-8.672825619578362 41.15559985276408,-8.672539964318275 41.155527403070224,-8.672316670417787 41.15542844726146,-8.672224804759026 41.15525880838455,-8.672154061496258 41.15511087888658,-8.672176860272884 41.15497885278989,-8.672268725931644 41.154842282494215,-8.672448098659515 41.15479659070515,-8.672679774463177 41.15483748612005,-8.672934249043465 41.15492710252648,-8.673130385577679 41.155096742261776,-8.673236668109894 41.15527597424324,-8.67325745522976 41.155441069184135,-8.673188723623753 41.15554330666841,-8.673028126358986 ','2','1485343505273');
INSERT INTO tb_pos_publicopenspace(pos_id,pos_name,pos_type,pos_points,prj_id,pos_datetime) VALUES('49','Praceta Cidade da Praia','SQUARE','41.172136482416256,-8.66317704319954 41.171727887434166,-8.66266842931509 41.1712468575864,-8.663379214704037 41.17165469844063,-8.663879446685316 ','2','1485343957460');
INSERT INTO tb_pos_publicopenspace(pos_id,pos_name,pos_type,pos_points,prj_id,pos_datetime) VALUES('50','Parque Infantil Rua Artur Maia Mendes','PARK','41.1781939384603,-8.623658046126366 41.17797060763199,-8.623544722795486 41.17774298604939,-8.624185770750046 41.17775535132197,-8.624323904514313 41.177830047612886,-8.624374531209469 41.17795243831077,-8.6243175342679 ','2','1485344570055');
INSERT INTO tb_pos_publicopenspace(pos_id,pos_name,pos_type,pos_points,prj_id,pos_datetime) VALUES('51','Rua Manuel Bandeira','GARDEN','41.15936283530455,-8.642017431557178 41.159344408399136,-8.641782402992249 41.159202798720315,-8.641676120460033 41.15902938324229,-8.641713336110115 41.15880573465581,-8.641787432134151 41.15856643487165,-8.641868568956852 41.158165832961046,-8.642090857028961 41.15801134688199,-8.642223961651325 41.1579601038701,-8.642332591116428 41.1579929195966,-8.642467372119427 41.1580681432769,-8.64256426692009 41.158148415431114,-8.642585389316082 41.15834833810486,-8.642550855875015 41.158640395763214,-8.642477430403233 41.159057654792576,-8.642245419323444 ','2','1485345209775');
INSERT INTO tb_pos_publicopenspace(pos_id,pos_name,pos_type,pos_points,prj_id,pos_datetime) VALUES('52','Rua do Professor Antônio Cruz','GARDEN','41.17533398454152,-8.590448275208473 41.17516666845005,-8.590079806745052 41.175039982377044,-8.5897146910429 41.17499632357401,-8.589474968612194 41.1749660399941,-8.58931604772806 41.174918595690784,-8.589133657515049 41.1747883760434,-8.588575758039951 41.17497007780557,-8.588484227657318 41.17505890959475,-8.589061573147774 41.17508995021995,-8.589144051074982 41.17521436493597,-8.589400202035904 41.175365277398086,-8.589841425418854 41.1754041410862,-8.590121716260908 41.17541726388477,-8.590343333780766 ','2','1485345656426');
INSERT INTO tb_pos_publicopenspace(pos_id,pos_name,pos_type,pos_points,prj_id,pos_datetime) VALUES('54','Travessa da Lomba','GARDEN','41.148055061989474,-8.591317981481552 41.147754373256504,-8.591226115822792 41.14757259602371,-8.591323345899582 41.14800507352993,-8.591501377522944 ','2','1485346524775');
INSERT INTO tb_pos_publicopenspace(pos_id,pos_name,pos_type,pos_points,prj_id,pos_datetime) VALUES('55','Parque Dom Infante','PARK','40.63701873487009,-8.653182461857794 40.636432538206265,-8.654097095131876 40.635815041622756,-8.654718361794949 40.63406988957995,-8.653207272291183 40.63436706988163,-8.652246706187725 40.63362080896035,-8.650525063276291 40.63321701547866,-8.650009073317051 40.632546565331594,-8.649935312569141 40.63263307540627,-8.648938871920109 40.633156713407,-8.649230226874352 40.63455026255924,-8.651065193116665 40.635317122006484,-8.65206129848957 40.635652206796635,-8.652817010879517 40.63613969237209,-8.652389198541641 ','4','1486996494550');
INSERT INTO tb_pos_publicopenspace(pos_id,pos_name,pos_type,pos_points,prj_id,pos_datetime) VALUES('56','Frente Atlântica','PARK','41.16311474823201,-8.68582058697939 41.162992077403494,-8.686449564993383 41.162477412721096,-8.686145469546318 41.160939704854535,-8.686204478144646 41.160613580952045,-8.686066344380379 41.160073150695645,-8.686339929699898 41.15962737441664,-8.686088472604752 41.15923157504344,-8.68578538298607 41.1588138122704,-8.685171157121658 41.15868002665028,-8.684490881860256 41.15788866650099,-8.683431074023247 41.156488427861355,-8.68198100477457 41.15476023920382,-8.680611401796341 41.15442979303454,-8.680348210036753 41.15436844952108,-8.680725395679474 41.15412888109365,-8.680333457887171 41.153683064387046,-8.680022992193699 41.15390041934358,-8.67944598197937 41.15639073567724,-8.681329563260078 41.15847960013479,-8.683161847293377 41.15988004865935,-8.684219643473625 ','2','1487158081349');
INSERT INTO tb_pos_publicopenspace(pos_id,pos_name,pos_type,pos_points,prj_id,pos_datetime) VALUES('57','Parque Moscoso','PARK','-20.31997938515581,-40.34282214939594 -20.32019601431343,-40.3412751853466 -20.318475863544677,-40.34112464636564 -20.31830670858882,-40.342557951807976 ','5','1487261753122');
INSERT INTO tb_pos_publicopenspace(pos_id,pos_name,pos_type,pos_points,prj_id,pos_datetime) VALUES('58','','PARK','','7','1489244116215');
INSERT INTO tb_pos_publicopenspace(pos_id,pos_name,pos_type,pos_points,prj_id,pos_datetime) VALUES('59','Rua Professor Bento de Jesus Carraça','GARDEN','41.16527810899869,-8.598669581115246 41.164972198826064,-8.598800003528595 41.164941153406936,-8.598445616662502 41.16429449669903,-8.598710149526596 41.163943401332695,-8.598158285021782 41.16396308897313,-8.59793834388256 41.164649881034805,-8.597821332514286 41.16456280195466,-8.597556799650192 41.1647117197316,-8.597590327262878 41.16476775311258,-8.597851172089577 41.165062810981496,-8.598007746040821 41.165079469469994,-8.597676157951355 41.16503176560532,-8.597485721111298 41.16514458897524,-8.597494103014467 41.16518673993829,-8.597654365003109 41.16524428731717,-8.597728796303272 41.16502520316618,-8.598224334418772 ','2','1489399086519');
INSERT INTO tb_opt_option(opt_id,opt_alias,opt_value,opt_title,qst_number,pos_id) VALUES('230','999.added_by_user','1','Paralela','19','53');
INSERT INTO tb_opt_option(opt_id,opt_alias,opt_value,opt_title,qst_number,pos_id) VALUES('240','999.added_by_user','1','Labirinto Verde','13b','41');
INSERT INTO tb_opt_option(opt_id,opt_alias,opt_value,opt_title,qst_number,pos_id) VALUES('241','999.added_by_user','1','Aleatório','19','41');
INSERT INTO tb_opt_option(opt_id,opt_alias,opt_value,opt_title,qst_number,pos_id) VALUES('242','999.added_by_user','1','Coreto','13b','26');
INSERT INTO tb_opt_option(opt_id,opt_alias,opt_value,opt_title,qst_number,pos_id) VALUES('243','999.added_by_user','1','Labirinto Verde','13b','31');
INSERT INTO tb_opt_option(opt_id,opt_alias,opt_value,opt_title,qst_number,pos_id) VALUES('244','999.added_by_user','1','Labirinto','19','31');
INSERT INTO tb_opt_option(opt_id,opt_alias,opt_value,opt_title,qst_number,pos_id) VALUES('245','999.added_by_user','1','Carrocel','27','9');
INSERT INTO tb_opt_option(opt_id,opt_alias,opt_value,opt_title,qst_number,pos_id) VALUES('246','999.added_by_user','1','Coreto','13b','9');
INSERT INTO tb_opt_option(opt_id,opt_alias,opt_value,opt_title,qst_number,pos_id) VALUES('247','999.added_by_user','1','Monumento','13b','24');
INSERT INTO tb_opt_option(opt_id,opt_alias,opt_value,opt_title,qst_number,pos_id) VALUES('248','999.added_by_user','1','Paralelas','19','24');
INSERT INTO tb_opt_option(opt_id,opt_alias,opt_value,opt_title,qst_number,pos_id) VALUES('249','999.added_by_user','1','Canteiros','16','5');
INSERT INTO tb_opt_option(opt_id,opt_alias,opt_value,opt_title,qst_number,pos_id) VALUES('250','999.added_by_user','1','Coreto','13b','16');
INSERT INTO tb_opt_option(opt_id,opt_alias,opt_value,opt_title,qst_number,pos_id) VALUES('251','999.added_by_user','1','Monumento','13b','18');
INSERT INTO tb_opt_option(opt_id,opt_alias,opt_value,opt_title,qst_number,pos_id) VALUES('252','999.added_by_user','1','Canteiros','16','18');
INSERT INTO tb_opt_option(opt_id,opt_alias,opt_value,opt_title,qst_number,pos_id) VALUES('254','999.added_by_user','1','Módulo giratório','27','6');
INSERT INTO tb_opt_option(opt_id,opt_alias,opt_value,opt_title,qst_number,pos_id) VALUES('255','999.added_by_user','1','Tabuleiro de Damas gigante','13b','28');
INSERT INTO tb_opt_option(opt_id,opt_alias,opt_value,opt_title,qst_number,pos_id) VALUES('256','999.added_by_user','1','Canteiro sensorial','13b','28');
INSERT INTO tb_opt_option(opt_id,opt_alias,opt_value,opt_title,qst_number,pos_id) VALUES('257','999.added_by_user','1','Painel de observação das aves','13b','11');
INSERT INTO tb_opt_option(opt_id,opt_alias,opt_value,opt_title,qst_number,pos_id) VALUES('258','999.added_by_user','1','Canhões','13b','11');
INSERT INTO tb_opt_option(opt_id,opt_alias,opt_value,opt_title,qst_number,pos_id) VALUES('262','999.added_by_user','1','Coreto','13b','10');
INSERT INTO tb_opt_option(opt_id,opt_alias,opt_value,opt_title,qst_number,pos_id) VALUES('263','999.added_by_user','1','Obelisco','13b','10');
INSERT INTO tb_opt_option(opt_id,opt_alias,opt_value,opt_title,qst_number,pos_id) VALUES('264','999.added_by_user','1','Paralelas','19','10');
INSERT INTO tb_opt_option(opt_id,opt_alias,opt_value,opt_title,qst_number,pos_id) VALUES('265','999.added_by_user','1','Monumento','13b','3');
INSERT INTO tb_opt_option(opt_id,opt_alias,opt_value,opt_title,qst_number,pos_id) VALUES('266','999.added_by_user','1','Canteiros','16','36');
INSERT INTO tb_opt_option(opt_id,opt_alias,opt_value,opt_title,qst_number,pos_id) VALUES('267','999.added_by_user','1','Paralelas','19','36');
INSERT INTO tb_opt_option(opt_id,opt_alias,opt_value,opt_title,qst_number,pos_id) VALUES('268','999.added_by_user','1','Coreto','13b','12');
INSERT INTO tb_opt_option(opt_id,opt_alias,opt_value,opt_title,qst_number,pos_id) VALUES('269','999.added_by_user','1','Miradouro','13b','29');
INSERT INTO tb_opt_option(opt_id,opt_alias,opt_value,opt_title,qst_number,pos_id) VALUES('270','999.added_by_user','1','Paralelas','19','29');
INSERT INTO tb_opt_option(opt_id,opt_alias,opt_value,opt_title,qst_number,pos_id) VALUES('271','999.added_by_user','1','Riacho de degraus','13b','15');
INSERT INTO tb_opt_option(opt_id,opt_alias,opt_value,opt_title,qst_number,pos_id) VALUES('272','999.added_by_user','1','Canteiros','16','20');
INSERT INTO tb_opt_option(opt_id,opt_alias,opt_value,opt_title,qst_number,pos_id) VALUES('273','999.added_by_user','1','Ruínas','13b','38');
INSERT INTO tb_opt_option(opt_id,opt_alias,opt_value,opt_title,qst_number,pos_id) VALUES('274','999.added_by_user','1','Canteiros','16','43');
INSERT INTO tb_opt_option(opt_id,opt_alias,opt_value,opt_title,qst_number,pos_id) VALUES('281','999.added_by_user','1','Aleatório','19','13');
INSERT INTO tb_opt_option(opt_id,opt_alias,opt_value,opt_title,qst_number,pos_id) VALUES('282','999.added_by_user','1','Módulo circuito','27','23');
INSERT INTO tb_opt_option(opt_id,opt_alias,opt_value,opt_title,qst_number,pos_id) VALUES('283','999.added_by_user','1','Aleatório','19','23');
INSERT INTO tb_opt_option(opt_id,opt_alias,opt_value,opt_title,qst_number,pos_id) VALUES('284','999.added_by_user','1','Labirinto verde','13b','23');
INSERT INTO tb_opt_option(opt_id,opt_alias,opt_value,opt_title,qst_number,pos_id) VALUES('285','999.added_by_user','1','Gruta','13b','23');
INSERT INTO tb_opt_option(opt_id,opt_alias,opt_value,opt_title,qst_number,pos_id) VALUES('286','999.added_by_user','1','Módulo giratório','27','44');
INSERT INTO tb_opt_option(opt_id,opt_alias,opt_value,opt_title,qst_number,pos_id) VALUES('287','999.added_by_user','1','Aleatório','19','7');
INSERT INTO tb_opt_option(opt_id,opt_alias,opt_value,opt_title,qst_number,pos_id) VALUES('288','999.added_by_user','1','Aleatório','19','30');
INSERT INTO tb_opt_option(opt_id,opt_alias,opt_value,opt_title,qst_number,pos_id) VALUES('289','999.added_by_user','1','Sucalcos em pedra','13b','30');
INSERT INTO tb_opt_option(opt_id,opt_alias,opt_value,opt_title,qst_number,pos_id) VALUES('290','999.added_by_user','1','Nascente D''água','11','30');
INSERT INTO tb_opt_option(opt_id,opt_alias,opt_value,opt_title,qst_number,pos_id) VALUES('291','999.added_by_user','1','Áreas Úmidas','11','30');
INSERT INTO tb_opt_option(opt_id,opt_alias,opt_value,opt_title,qst_number,pos_id) VALUES('292','999.added_by_user','1','Parque geriátrico','08','21');
INSERT INTO tb_opt_option(opt_id,opt_alias,opt_value,opt_title,qst_number,pos_id) VALUES('293','999.added_by_user','1','Aleatório','19','21');
INSERT INTO tb_opt_option(opt_id,opt_alias,opt_value,opt_title,qst_number,pos_id) VALUES('294','999.added_by_user','1','Tirolesa','27','21');
INSERT INTO tb_opt_option(opt_id,opt_alias,opt_value,opt_title,qst_number,pos_id) VALUES('295','999.added_by_user','1','Miradouros','13b','8');
INSERT INTO tb_opt_option(opt_id,opt_alias,opt_value,opt_title,qst_number,pos_id) VALUES('296','999.added_by_user','1','Concreto','28','8');
INSERT INTO tb_opt_option(opt_id,opt_alias,opt_value,opt_title,qst_number,pos_id) VALUES('297','999.added_by_user','1','Monumento','13b','46');
INSERT INTO tb_opt_option(opt_id,opt_alias,opt_value,opt_title,qst_number,pos_id) VALUES('298','999.added_by_user','1','Paralelas','19','47');
INSERT INTO tb_opt_option(opt_id,opt_alias,opt_value,opt_title,qst_number,pos_id) VALUES('299','999.added_by_user','1','Ruína','13b','47');
INSERT INTO tb_opt_option(opt_id,opt_alias,opt_value,opt_title,qst_number,pos_id) VALUES('300','999.added_by_user','1','Monumento','13b','48');
INSERT INTO tb_opt_option(opt_id,opt_alias,opt_value,opt_title,qst_number,pos_id) VALUES('301','999.added_by_user','1','Voleibol','08','49');
INSERT INTO tb_opt_option(opt_id,opt_alias,opt_value,opt_title,qst_number,pos_id) VALUES('302','999.added_by_user','1','Futsal','08','49');
INSERT INTO tb_opt_option(opt_id,opt_alias,opt_value,opt_title,qst_number,pos_id) VALUES('303','999.added_by_user','1','Futsal','08','54');
INSERT INTO tb_opt_option(opt_id,opt_alias,opt_value,opt_title,qst_number,pos_id) VALUES('304','999.added_by_user','1','paralelas','19','56');
INSERT INTO tb_opt_option(opt_id,opt_alias,opt_value,opt_title,qst_number,pos_id) VALUES('305','999.added_by_user','1','Ruínas','13b','25');
INSERT INTO tb_opt_option(opt_id,opt_alias,opt_value,opt_title,qst_number,pos_id) VALUES('306','999.added_by_user','1','Miradouro','13b','25');
INSERT INTO tb_opt_option(opt_id,opt_alias,opt_value,opt_title,qst_number,pos_id) VALUES('307','999.added_by_user','1','Aleatório','19','25');
INSERT INTO tb_opt_option(opt_id,opt_alias,opt_value,opt_title,qst_number,pos_id) VALUES('308','999.added_by_user','1','Tênis de mesa','08','25');
INSERT INTO tb_opt_option(opt_id,opt_alias,opt_value,opt_title,qst_number,pos_id) VALUES('309','999.added_by_user','1','Vôlei de Praia','08','25');
INSERT INTO tb_ans_answers(pos_id,qst_number,ans_text) VALUES('1','09','');
INSERT INTO tb_ans_answers(pos_id,qst_number,ans_text) VALUES('1','49b','');
INSERT INTO tb_ans_answers(pos_id,qst_number,ans_text) VALUES('1','46c','');
INSERT INTO tb_ans_answers(pos_id,qst_number,ans_text) VALUES('1','47','');
INSERT INTO tb_ans_answers(pos_id,qst_number,ans_text) VALUES('1','02','atahhrv');
INSERT INTO tb_ans_answers(pos_id,qst_number,ans_text) VALUES('1','48a','');
INSERT INTO tb_ans_answers(pos_id,qst_number,ans_text) VALUES('1','27','');
INSERT INTO tb_ans_answers(pos_id,qst_number,ans_text) VALUES('1','35','');
INSERT INTO tb_ans_answers(pos_id,qst_number,ans_text) VALUES('1','32b','');
INSERT INTO tb_ans_answers(pos_id,qst_number,ans_text) VALUES('1','18b','');
INSERT INTO tb_ans_answers(pos_id,qst_number,ans_text) VALUES('1','25','');
INSERT INTO tb_ans_answers(pos_id,qst_number,ans_text) VALUES('1','19','');
INSERT INTO tb_ans_answers(pos_id,qst_number,ans_text) VALUES('1','29','0|');
INSERT INTO tb_ans_answers(pos_id,qst_number,ans_text) VALUES('1','22','');
INSERT INTO tb_ans_answers(pos_id,qst_number,ans_text) VALUES('1','18a','');
INSERT INTO tb_ans_answers(pos_id,qst_number,ans_text) VALUES('1','06','1895');
INSERT INTO tb_ans_answers(pos_id,qst_number,ans_text) VALUES('1','42','');
INSERT INTO tb_ans_answers(pos_id,qst_number,ans_text) VALUES('1','41','');
INSERT INTO tb_ans_answers(pos_id,qst_number,ans_text) VALUES('1','21','');
INSERT INTO tb_ans_answers(pos_id,qst_number,ans_text) VALUES('1','49a','');
INSERT INTO tb_ans_answers(pos_id,qst_number,ans_text) VALUES('1','39','');
INSERT INTO tb_ans_answers(pos_id,qst_number,ans_text) VALUES('1','16','');
INSERT INTO tb_ans_answers(pos_id,qst_number,ans_text) VALUES('1','24','');
INSERT INTO tb_ans_answers(pos_id,qst_number,ans_text) VALUES('1','36','');
INSERT INTO tb_ans_answers(pos_id,qst_number,ans_text) VALUES('1','17','');
INSERT INTO tb_ans_answers(pos_id,qst_number,ans_text) VALUES('1','10','');
INSERT INTO tb_ans_answers(pos_id,qst_number,ans_text) VALUES('1','13a','');
INSERT INTO tb_ans_answers(pos_id,qst_number,ans_text) VALUES('1','49c','');
INSERT INTO tb_ans_answers(pos_id,qst_number,ans_text) VALUES('1','34','');
INSERT INTO tb_ans_answers(pos_id,qst_number,ans_text) VALUES('1','11','');
INSERT INTO tb_ans_answers(pos_id,qst_number,ans_text) VALUES('1','43','');
INSERT INTO tb_ans_answers(pos_id,qst_number,ans_text) VALUES('1','13b','');
INSERT INTO tb_ans_answers(pos_id,qst_number,ans_text) VALUES('1','26','');
INSERT INTO tb_ans_answers(pos_id,qst_number,ans_text) VALUES('1','15','');
INSERT INTO tb_ans_answers(pos_id,qst_number,ans_text) VALUES('1','38','');
INSERT INTO tb_ans_answers(pos_id,qst_number,ans_text) VALUES('1','45','');
INSERT INTO tb_ans_answers(pos_id,qst_number,ans_text) VALUES('1','37','');
INSERT INTO tb_ans_answers(pos_id,qst_number,ans_text) VALUES('1','03','1.97');
INSERT INTO tb_ans_answers(pos_id,qst_number,ans_text) VALUES('1','44','');
INSERT INTO tb_ans_answers(pos_id,qst_number,ans_text) VALUES('1','20','');
INSERT INTO tb_ans_answers(pos_id,qst_number,ans_text) VALUES('1','04','35028');
INSERT INTO tb_ans_answers(pos_id,qst_number,ans_text) VALUES('1','07','');
INSERT INTO tb_ans_answers(pos_id,qst_number,ans_text) VALUES('1','31','');
INSERT INTO tb_ans_answers(pos_id,qst_number,ans_text) VALUES('1','40','');
INSERT INTO tb_ans_answers(pos_id,qst_number,ans_text) VALUES('1','30','');
INSERT INTO tb_ans_answers(pos_id,qst_number,ans_text) VALUES('1','48b','');
INSERT INTO tb_ans_answers(pos_id,qst_number,ans_text) VALUES('1','05','41.14832158100225 -8.62565092742443');
INSERT INTO tb_ans_answers(pos_id,qst_number,ans_text) VALUES('1','32a','');
INSERT INTO tb_ans_answers(pos_id,qst_number,ans_text) VALUES('1','14','');
INSERT INTO tb_ans_answers(pos_id,qst_number,ans_text) VALUES('1','28','');
INSERT INTO tb_ans_answers(pos_id,qst_number,ans_text) VALUES('1','12','');
INSERT INTO tb_ans_answers(pos_id,qst_number,ans_text) VALUES('1','23','');
INSERT INTO tb_ans_answers(pos_id,qst_number,ans_text) VALUES('1','46b','');
INSERT INTO tb_ans_answers(pos_id,qst_number,ans_text) VALUES('1','01','01');
INSERT INTO tb_ans_answers(pos_id,qst_number,ans_text) VALUES('1','46a','');
INSERT INTO tb_ans_answers(pos_id,qst_number,ans_text) VALUES('1','08','');
INSERT INTO tb_ans_answers(pos_id,qst_number,ans_text) VALUES('1','33','');
INSERT INTO tb_ans_answers(pos_id,qst_number,ans_text) VALUES('53','49a','1');
INSERT INTO tb_ans_answers(pos_id,qst_number,ans_text) VALUES('53','49c','2');
INSERT INTO tb_ans_answers(pos_id,qst_number,ans_text) VALUES('53','13a','0');
INSERT INTO tb_ans_answers(pos_id,qst_number,ans_text) VALUES('53','23','1');
INSERT INTO tb_ans_answers(pos_id,qst_number,ans_text) VALUES('53','17','0');
INSERT INTO tb_ans_answers(pos_id,qst_number,ans_text) VALUES('53','39','1');
INSERT INTO tb_ans_answers(pos_id,qst_number,ans_text) VALUES('53','32b','');
INSERT INTO tb_ans_answers(pos_id,qst_number,ans_text) VALUES('53','37','0');
INSERT INTO tb_ans_answers(pos_id,qst_number,ans_text) VALUES('53','36','1');
INSERT INTO tb_ans_answers(pos_id,qst_number,ans_text) VALUES('53','08','10|');
INSERT INTO tb_ans_answers(pos_id,qst_number,ans_text) VALUES('53','20','1');
INSERT INTO tb_ans_answers(pos_id,qst_number,ans_text) VALUES('53','10','0');
INSERT INTO tb_ans_answers(pos_id,qst_number,ans_text) VALUES('53','45','2');
INSERT INTO tb_ans_answers(pos_id,qst_number,ans_text) VALUES('53','25','1');
INSERT INTO tb_ans_answers(pos_id,qst_number,ans_text) VALUES('53','43','1');
INSERT INTO tb_ans_answers(pos_id,qst_number,ans_text) VALUES('53','02','Alameda Eça de Queiroz, Paranhos, Porto');
INSERT INTO tb_ans_answers(pos_id,qst_number,ans_text) VALUES('53','46b','1');
INSERT INTO tb_ans_answers(pos_id,qst_number,ans_text) VALUES('53','21','69|');
INSERT INTO tb_ans_answers(pos_id,qst_number,ans_text) VALUES('53','24','0');
INSERT INTO tb_ans_answers(pos_id,qst_number,ans_text) VALUES('53','11','');
INSERT INTO tb_ans_answers(pos_id,qst_number,ans_text) VALUES('53','19','0|230|');
INSERT INTO tb_ans_answers(pos_id,qst_number,ans_text) VALUES('53','29','0|');
INSERT INTO tb_ans_answers(pos_id,qst_number,ans_text) VALUES('53','35','1');
INSERT INTO tb_ans_answers(pos_id,qst_number,ans_text) VALUES('53','16','46|');
INSERT INTO tb_ans_answers(pos_id,qst_number,ans_text) VALUES('53','12','');
INSERT INTO tb_ans_answers(pos_id,qst_number,ans_text) VALUES('53','03','0.47');
INSERT INTO tb_ans_answers(pos_id,qst_number,ans_text) VALUES('53','07','2|');
INSERT INTO tb_ans_answers(pos_id,qst_number,ans_text) VALUES('53','06','');
INSERT INTO tb_ans_answers(pos_id,qst_number,ans_text) VALUES('53','33','0');
INSERT INTO tb_ans_answers(pos_id,qst_number,ans_text) VALUES('53','28','');
INSERT INTO tb_ans_answers(pos_id,qst_number,ans_text) VALUES('53','32a','0');
INSERT INTO tb_ans_answers(pos_id,qst_number,ans_text) VALUES('53','27','');
INSERT INTO tb_ans_answers(pos_id,qst_number,ans_text) VALUES('53','44','135|');
INSERT INTO tb_ans_answers(pos_id,qst_number,ans_text) VALUES('53','22','2');
INSERT INTO tb_ans_answers(pos_id,qst_number,ans_text) VALUES('53','34','4');
INSERT INTO tb_ans_answers(pos_id,qst_number,ans_text) VALUES('53','31','0');
INSERT INTO tb_ans_answers(pos_id,qst_number,ans_text) VALUES('53','04','4200-132');
INSERT INTO tb_ans_answers(pos_id,qst_number,ans_text) VALUES('53','48b','0');
INSERT INTO tb_ans_answers(pos_id,qst_number,ans_text) VALUES('53','46a','1');
INSERT INTO tb_ans_answers(pos_id,qst_number,ans_text) VALUES('53','14','1');
INSERT INTO tb_ans_answers(pos_id,qst_number,ans_text) VALUES('53','18b','1');
INSERT INTO tb_ans_answers(pos_id,qst_number,ans_text) VALUES('53','38','1');
INSERT INTO tb_ans_answers(pos_id,qst_number,ans_text) VALUES('53','46c','0');
INSERT INTO tb_ans_answers(pos_id,qst_number,ans_text) VALUES('53','41','0');
INSERT INTO tb_ans_answers(pos_id,qst_number,ans_text) VALUES('53','09','0');
INSERT INTO tb_ans_answers(pos_id,qst_number,ans_text) VALUES('53','48a','1');
INSERT INTO tb_ans_answers(pos_id,qst_number,ans_text) VALUES('53','26','0');
INSERT INTO tb_ans_answers(pos_id,qst_number,ans_text) VALUES('53','01','52');
INSERT INTO tb_ans_answers(pos_id,qst_number,ans_text) VALUES('53','18a','53|');
INSERT INTO tb_ans_answers(pos_id,qst_number,ans_text) VALUES('53','40','4');
INSERT INTO tb_ans_answers(pos_id,qst_number,ans_text) VALUES('53','05','41.16282491864385 -8.59591981396079');
INSERT INTO tb_ans_answers(pos_id,qst_number,ans_text) VALUES('53','13b','');
INSERT INTO tb_ans_answers(pos_id,qst_number,ans_text) VALUES('53','15','2');
INSERT INTO tb_ans_answers(pos_id,qst_number,ans_text) VALUES('53','30','0');
INSERT INTO tb_ans_answers(pos_id,qst_number,ans_text) VALUES('53','42','1');
INSERT INTO tb_ans_answers(pos_id,qst_number,ans_text) VALUES('53','49b','5');
INSERT INTO tb_ans_answers(pos_id,qst_number,ans_text) VALUES('53','47','0');
INSERT INTO tb_ans_answers(pos_id,qst_number,ans_text) VALUES('55','05','40.63460976689136 -8.651744510446276');
INSERT INTO tb_ans_answers(pos_id,qst_number,ans_text) VALUES('55','49b','');
INSERT INTO tb_ans_answers(pos_id,qst_number,ans_text) VALUES('55','36','');
INSERT INTO tb_ans_answers(pos_id,qst_number,ans_text) VALUES('55','03','6.26');
INSERT INTO tb_ans_answers(pos_id,qst_number,ans_text) VALUES('55','14','');
INSERT INTO tb_ans_answers(pos_id,qst_number,ans_text) VALUES('55','32b','');
INSERT INTO tb_ans_answers(pos_id,qst_number,ans_text) VALUES('55','29','0|');
INSERT INTO tb_ans_answers(pos_id,qst_number,ans_text) VALUES('55','44','');
INSERT INTO tb_ans_answers(pos_id,qst_number,ans_text) VALUES('55','12','');
INSERT INTO tb_ans_answers(pos_id,qst_number,ans_text) VALUES('55','23','');
INSERT INTO tb_ans_answers(pos_id,qst_number,ans_text) VALUES('55','02','');
INSERT INTO tb_ans_answers(pos_id,qst_number,ans_text) VALUES('55','33','');
INSERT INTO tb_ans_answers(pos_id,qst_number,ans_text) VALUES('55','42','');
INSERT INTO tb_ans_answers(pos_id,qst_number,ans_text) VALUES('55','46c','');
INSERT INTO tb_ans_answers(pos_id,qst_number,ans_text) VALUES('55','16','');
INSERT INTO tb_ans_answers(pos_id,qst_number,ans_text) VALUES('55','40','');
INSERT INTO tb_ans_answers(pos_id,qst_number,ans_text) VALUES('55','32a','');
INSERT INTO tb_ans_answers(pos_id,qst_number,ans_text) VALUES('55','09','');
INSERT INTO tb_ans_answers(pos_id,qst_number,ans_text) VALUES('55','49a','');
INSERT INTO tb_ans_answers(pos_id,qst_number,ans_text) VALUES('55','22','');
INSERT INTO tb_ans_answers(pos_id,qst_number,ans_text) VALUES('55','06','');
INSERT INTO tb_ans_answers(pos_id,qst_number,ans_text) VALUES('55','15','');
INSERT INTO tb_ans_answers(pos_id,qst_number,ans_text) VALUES('55','38','');
INSERT INTO tb_ans_answers(pos_id,qst_number,ans_text) VALUES('55','37','');
INSERT INTO tb_ans_answers(pos_id,qst_number,ans_text) VALUES('55','13b','');
INSERT INTO tb_ans_answers(pos_id,qst_number,ans_text) VALUES('55','34','');
INSERT INTO tb_ans_answers(pos_id,qst_number,ans_text) VALUES('55','04','');
INSERT INTO tb_ans_answers(pos_id,qst_number,ans_text) VALUES('55','11','');
INSERT INTO tb_ans_answers(pos_id,qst_number,ans_text) VALUES('55','49c','');
INSERT INTO tb_ans_answers(pos_id,qst_number,ans_text) VALUES('55','20','');
INSERT INTO tb_ans_answers(pos_id,qst_number,ans_text) VALUES('55','18b','');
INSERT INTO tb_ans_answers(pos_id,qst_number,ans_text) VALUES('55','47','');
INSERT INTO tb_ans_answers(pos_id,qst_number,ans_text) VALUES('55','46b','');
INSERT INTO tb_ans_answers(pos_id,qst_number,ans_text) VALUES('55','10','');
INSERT INTO tb_ans_answers(pos_id,qst_number,ans_text) VALUES('55','25','');
INSERT INTO tb_ans_answers(pos_id,qst_number,ans_text) VALUES('55','17','');
INSERT INTO tb_ans_answers(pos_id,qst_number,ans_text) VALUES('55','28','');
INSERT INTO tb_ans_answers(pos_id,qst_number,ans_text) VALUES('55','08','');
INSERT INTO tb_ans_answers(pos_id,qst_number,ans_text) VALUES('55','01','');
INSERT INTO tb_ans_answers(pos_id,qst_number,ans_text) VALUES('55','30','');
INSERT INTO tb_ans_answers(pos_id,qst_number,ans_text) VALUES('55','48b','');
INSERT INTO tb_ans_answers(pos_id,qst_number,ans_text) VALUES('55','19','');
INSERT INTO tb_ans_answers(pos_id,qst_number,ans_text) VALUES('55','39','');
INSERT INTO tb_ans_answers(pos_id,qst_number,ans_text) VALUES('55','13a','');
INSERT INTO tb_ans_answers(pos_id,qst_number,ans_text) VALUES('55','45','');
INSERT INTO tb_ans_answers(pos_id,qst_number,ans_text) VALUES('55','48a','');
INSERT INTO tb_ans_answers(pos_id,qst_number,ans_text) VALUES('55','21','');
INSERT INTO tb_ans_answers(pos_id,qst_number,ans_text) VALUES('55','18a','');
INSERT INTO tb_ans_answers(pos_id,qst_number,ans_text) VALUES('55','43','');
INSERT INTO tb_ans_answers(pos_id,qst_number,ans_text) VALUES('55','35','');
INSERT INTO tb_ans_answers(pos_id,qst_number,ans_text) VALUES('55','07','');
INSERT INTO tb_ans_answers(pos_id,qst_number,ans_text) VALUES('55','24','');
INSERT INTO tb_ans_answers(pos_id,qst_number,ans_text) VALUES('55','27','');
INSERT INTO tb_ans_answers(pos_id,qst_number,ans_text) VALUES('55','41','');
INSERT INTO tb_ans_answers(pos_id,qst_number,ans_text) VALUES('55','31','');
INSERT INTO tb_ans_answers(pos_id,qst_number,ans_text) VALUES('55','26','');
INSERT INTO tb_ans_answers(pos_id,qst_number,ans_text) VALUES('55','46a','');
INSERT INTO tb_ans_answers(pos_id,qst_number,ans_text) VALUES('57','48a','');
INSERT INTO tb_ans_answers(pos_id,qst_number,ans_text) VALUES('57','31','');
INSERT INTO tb_ans_answers(pos_id,qst_number,ans_text) VALUES('57','30','');
INSERT INTO tb_ans_answers(pos_id,qst_number,ans_text) VALUES('57','03','2.98');
INSERT INTO tb_ans_answers(pos_id,qst_number,ans_text) VALUES('57','08','');
INSERT INTO tb_ans_answers(pos_id,qst_number,ans_text) VALUES('57','35','');
INSERT INTO tb_ans_answers(pos_id,qst_number,ans_text) VALUES('57','45','');
INSERT INTO tb_ans_answers(pos_id,qst_number,ans_text) VALUES('57','44','138|');
INSERT INTO tb_ans_answers(pos_id,qst_number,ans_text) VALUES('57','46c','');
INSERT INTO tb_ans_answers(pos_id,qst_number,ans_text) VALUES('57','01','');
INSERT INTO tb_ans_answers(pos_id,qst_number,ans_text) VALUES('57','33','');
INSERT INTO tb_ans_answers(pos_id,qst_number,ans_text) VALUES('57','22','');
INSERT INTO tb_ans_answers(pos_id,qst_number,ans_text) VALUES('57','46a','');
INSERT INTO tb_ans_answers(pos_id,qst_number,ans_text) VALUES('57','32a','');
INSERT INTO tb_ans_answers(pos_id,qst_number,ans_text) VALUES('57','16','');
INSERT INTO tb_ans_answers(pos_id,qst_number,ans_text) VALUES('57','32b','');
INSERT INTO tb_ans_answers(pos_id,qst_number,ans_text) VALUES('57','20','');
INSERT INTO tb_ans_answers(pos_id,qst_number,ans_text) VALUES('57','37','');
INSERT INTO tb_ans_answers(pos_id,qst_number,ans_text) VALUES('57','02','');
INSERT INTO tb_ans_answers(pos_id,qst_number,ans_text) VALUES('57','34','');
INSERT INTO tb_ans_answers(pos_id,qst_number,ans_text) VALUES('57','47','');
INSERT INTO tb_ans_answers(pos_id,qst_number,ans_text) VALUES('57','23','');
INSERT INTO tb_ans_answers(pos_id,qst_number,ans_text) VALUES('57','28','');
INSERT INTO tb_ans_answers(pos_id,qst_number,ans_text) VALUES('57','46b','');
INSERT INTO tb_ans_answers(pos_id,qst_number,ans_text) VALUES('57','48b','');
INSERT INTO tb_ans_answers(pos_id,qst_number,ans_text) VALUES('57','10','');
INSERT INTO tb_ans_answers(pos_id,qst_number,ans_text) VALUES('57','04','');
INSERT INTO tb_ans_answers(pos_id,qst_number,ans_text) VALUES('57','17','');
INSERT INTO tb_ans_answers(pos_id,qst_number,ans_text) VALUES('57','12','');
INSERT INTO tb_ans_answers(pos_id,qst_number,ans_text) VALUES('57','29','0|');
INSERT INTO tb_ans_answers(pos_id,qst_number,ans_text) VALUES('57','39','');
INSERT INTO tb_ans_answers(pos_id,qst_number,ans_text) VALUES('57','06','');
INSERT INTO tb_ans_answers(pos_id,qst_number,ans_text) VALUES('57','11','');
INSERT INTO tb_ans_answers(pos_id,qst_number,ans_text) VALUES('57','41','');
INSERT INTO tb_ans_answers(pos_id,qst_number,ans_text) VALUES('57','21','');
INSERT INTO tb_ans_answers(pos_id,qst_number,ans_text) VALUES('57','19','');
INSERT INTO tb_ans_answers(pos_id,qst_number,ans_text) VALUES('57','49a','');
INSERT INTO tb_ans_answers(pos_id,qst_number,ans_text) VALUES('57','25','');
INSERT INTO tb_ans_answers(pos_id,qst_number,ans_text) VALUES('57','27','');
INSERT INTO tb_ans_answers(pos_id,qst_number,ans_text) VALUES('57','05','-20.319239492900685 -40.34194498322904');
INSERT INTO tb_ans_answers(pos_id,qst_number,ans_text) VALUES('57','18a','');
INSERT INTO tb_ans_answers(pos_id,qst_number,ans_text) VALUES('57','15','');
INSERT INTO tb_ans_answers(pos_id,qst_number,ans_text) VALUES('57','38','');
INSERT INTO tb_ans_answers(pos_id,qst_number,ans_text) VALUES('57','49c','');
INSERT INTO tb_ans_answers(pos_id,qst_number,ans_text) VALUES('57','24','');
INSERT INTO tb_ans_answers(pos_id,qst_number,ans_text) VALUES('57','07','');
INSERT INTO tb_ans_answers(pos_id,qst_number,ans_text) VALUES('57','49b','');
INSERT INTO tb_ans_answers(pos_id,qst_number,ans_text) VALUES('57','18b','');
INSERT INTO tb_ans_answers(pos_id,qst_number,ans_text) VALUES('57','40','');
INSERT INTO tb_ans_answers(pos_id,qst_number,ans_text) VALUES('57','14','');
INSERT INTO tb_ans_answers(pos_id,qst_number,ans_text) VALUES('57','43','');
INSERT INTO tb_ans_answers(pos_id,qst_number,ans_text) VALUES('57','26','');
INSERT INTO tb_ans_answers(pos_id,qst_number,ans_text) VALUES('57','36','');
INSERT INTO tb_ans_answers(pos_id,qst_number,ans_text) VALUES('57','13a','');
INSERT INTO tb_ans_answers(pos_id,qst_number,ans_text) VALUES('57','09','');
INSERT INTO tb_ans_answers(pos_id,qst_number,ans_text) VALUES('57','13b','');
INSERT INTO tb_ans_answers(pos_id,qst_number,ans_text) VALUES('57','42','');
INSERT INTO tb_ans_answers(pos_id,qst_number,ans_text) VALUES('58','46a','');
INSERT INTO tb_ans_answers(pos_id,qst_number,ans_text) VALUES('58','09','');
INSERT INTO tb_ans_answers(pos_id,qst_number,ans_text) VALUES('58','28','');
INSERT INTO tb_ans_answers(pos_id,qst_number,ans_text) VALUES('58','41','');
INSERT INTO tb_ans_answers(pos_id,qst_number,ans_text) VALUES('58','01','');
INSERT INTO tb_ans_answers(pos_id,qst_number,ans_text) VALUES('58','24','');
INSERT INTO tb_ans_answers(pos_id,qst_number,ans_text) VALUES('58','29','1|');
INSERT INTO tb_ans_answers(pos_id,qst_number,ans_text) VALUES('58','49b','');
INSERT INTO tb_ans_answers(pos_id,qst_number,ans_text) VALUES('58','48a','');
INSERT INTO tb_ans_answers(pos_id,qst_number,ans_text) VALUES('58','12','');
INSERT INTO tb_ans_answers(pos_id,qst_number,ans_text) VALUES('58','11','');
INSERT INTO tb_ans_answers(pos_id,qst_number,ans_text) VALUES('58','08','');
INSERT INTO tb_ans_answers(pos_id,qst_number,ans_text) VALUES('58','06','');
INSERT INTO tb_ans_answers(pos_id,qst_number,ans_text) VALUES('58','32a','');
INSERT INTO tb_ans_answers(pos_id,qst_number,ans_text) VALUES('58','46b','');
INSERT INTO tb_ans_answers(pos_id,qst_number,ans_text) VALUES('58','49c','');
INSERT INTO tb_ans_answers(pos_id,qst_number,ans_text) VALUES('58','48b','');
INSERT INTO tb_ans_answers(pos_id,qst_number,ans_text) VALUES('58','04','');
INSERT INTO tb_ans_answers(pos_id,qst_number,ans_text) VALUES('58','23','');
INSERT INTO tb_ans_answers(pos_id,qst_number,ans_text) VALUES('58','30','');
INSERT INTO tb_ans_answers(pos_id,qst_number,ans_text) VALUES('58','38','');
INSERT INTO tb_ans_answers(pos_id,qst_number,ans_text) VALUES('58','13a','');
INSERT INTO tb_ans_answers(pos_id,qst_number,ans_text) VALUES('58','03','');
INSERT INTO tb_ans_answers(pos_id,qst_number,ans_text) VALUES('58','15','');
INSERT INTO tb_ans_answers(pos_id,qst_number,ans_text) VALUES('58','10','');
INSERT INTO tb_ans_answers(pos_id,qst_number,ans_text) VALUES('58','44','');
INSERT INTO tb_ans_answers(pos_id,qst_number,ans_text) VALUES('58','20','');
INSERT INTO tb_ans_answers(pos_id,qst_number,ans_text) VALUES('58','43','');
INSERT INTO tb_ans_answers(pos_id,qst_number,ans_text) VALUES('58','35','');
INSERT INTO tb_ans_answers(pos_id,qst_number,ans_text) VALUES('58','47','');
INSERT INTO tb_ans_answers(pos_id,qst_number,ans_text) VALUES('58','19','');
INSERT INTO tb_ans_answers(pos_id,qst_number,ans_text) VALUES('58','13b','');
INSERT INTO tb_ans_answers(pos_id,qst_number,ans_text) VALUES('58','40','');
INSERT INTO tb_ans_answers(pos_id,qst_number,ans_text) VALUES('58','25','');
INSERT INTO tb_ans_answers(pos_id,qst_number,ans_text) VALUES('58','49a','');
INSERT INTO tb_ans_answers(pos_id,qst_number,ans_text) VALUES('58','18a','');
INSERT INTO tb_ans_answers(pos_id,qst_number,ans_text) VALUES('58','42','');
INSERT INTO tb_ans_answers(pos_id,qst_number,ans_text) VALUES('58','37','');
INSERT INTO tb_ans_answers(pos_id,qst_number,ans_text) VALUES('58','34','');
INSERT INTO tb_ans_answers(pos_id,qst_number,ans_text) VALUES('58','07','');
INSERT INTO tb_ans_answers(pos_id,qst_number,ans_text) VALUES('58','27','');
INSERT INTO tb_ans_answers(pos_id,qst_number,ans_text) VALUES('58','45','');
INSERT INTO tb_ans_answers(pos_id,qst_number,ans_text) VALUES('58','36','');
INSERT INTO tb_ans_answers(pos_id,qst_number,ans_text) VALUES('58','31','');
INSERT INTO tb_ans_answers(pos_id,qst_number,ans_text) VALUES('58','32b','');
INSERT INTO tb_ans_answers(pos_id,qst_number,ans_text) VALUES('58','33','');
INSERT INTO tb_ans_answers(pos_id,qst_number,ans_text) VALUES('58','18b','');
INSERT INTO tb_ans_answers(pos_id,qst_number,ans_text) VALUES('58','21','');
INSERT INTO tb_ans_answers(pos_id,qst_number,ans_text) VALUES('58','02','');
INSERT INTO tb_ans_answers(pos_id,qst_number,ans_text) VALUES('58','14','');
INSERT INTO tb_ans_answers(pos_id,qst_number,ans_text) VALUES('58','39','');
INSERT INTO tb_ans_answers(pos_id,qst_number,ans_text) VALUES('58','22','');
INSERT INTO tb_ans_answers(pos_id,qst_number,ans_text) VALUES('58','26','');
INSERT INTO tb_ans_answers(pos_id,qst_number,ans_text) VALUES('58','46c','');
INSERT INTO tb_ans_answers(pos_id,qst_number,ans_text) VALUES('58','05','');
INSERT INTO tb_ans_answers(pos_id,qst_number,ans_text) VALUES('58','16','');
INSERT INTO tb_ans_answers(pos_id,qst_number,ans_text) VALUES('58','17','');
INSERT INTO tb_ans_answers(pos_id,qst_number,ans_text) VALUES('34','46a','1');
INSERT INTO tb_ans_answers(pos_id,qst_number,ans_text) VALUES('34','10','0');
INSERT INTO tb_ans_answers(pos_id,qst_number,ans_text) VALUES('34','11','');
INSERT INTO tb_ans_answers(pos_id,qst_number,ans_text) VALUES('34','41','0');
INSERT INTO tb_ans_answers(pos_id,qst_number,ans_text) VALUES('34','46c','0');
INSERT INTO tb_ans_answers(pos_id,qst_number,ans_text) VALUES('34','16','47|');
INSERT INTO tb_ans_answers(pos_id,qst_number,ans_text) VALUES('34','32a','1');
INSERT INTO tb_ans_answers(pos_id,qst_number,ans_text) VALUES('34','22','2');
INSERT INTO tb_ans_answers(pos_id,qst_number,ans_text) VALUES('34','18a','53|');
INSERT INTO tb_ans_answers(pos_id,qst_number,ans_text) VALUES('34','09','0');
INSERT INTO tb_ans_answers(pos_id,qst_number,ans_text) VALUES('34','24','0');
INSERT INTO tb_ans_answers(pos_id,qst_number,ans_text) VALUES('34','34','4');
INSERT INTO tb_ans_answers(pos_id,qst_number,ans_text) VALUES('34','01','01');
INSERT INTO tb_ans_answers(pos_id,qst_number,ans_text) VALUES('34','02','Rua da Cerca, Foz do Douro, Porto');
INSERT INTO tb_ans_answers(pos_id,qst_number,ans_text) VALUES('34','15','1');
INSERT INTO tb_ans_answers(pos_id,qst_number,ans_text) VALUES('34','37','0');
INSERT INTO tb_ans_answers(pos_id,qst_number,ans_text) VALUES('34','42','0');
INSERT INTO tb_ans_answers(pos_id,qst_number,ans_text) VALUES('34','20','1');
INSERT INTO tb_ans_answers(pos_id,qst_number,ans_text) VALUES('34','40','1');
INSERT INTO tb_ans_answers(pos_id,qst_number,ans_text) VALUES('34','33','0');
INSERT INTO tb_ans_answers(pos_id,qst_number,ans_text) VALUES('34','47','0');
INSERT INTO tb_ans_answers(pos_id,qst_number,ans_text) VALUES('34','17','1');
INSERT INTO tb_ans_answers(pos_id,qst_number,ans_text) VALUES('34','12','');
INSERT INTO tb_ans_answers(pos_id,qst_number,ans_text) VALUES('34','18b','5');
INSERT INTO tb_ans_answers(pos_id,qst_number,ans_text) VALUES('34','27','');
INSERT INTO tb_ans_answers(pos_id,qst_number,ans_text) VALUES('34','23','0');
INSERT INTO tb_ans_answers(pos_id,qst_number,ans_text) VALUES('34','48a','1');
INSERT INTO tb_ans_answers(pos_id,qst_number,ans_text) VALUES('34','32b','1');
INSERT INTO tb_ans_answers(pos_id,qst_number,ans_text) VALUES('34','03','0.16');
INSERT INTO tb_ans_answers(pos_id,qst_number,ans_text) VALUES('34','43','1');
INSERT INTO tb_ans_answers(pos_id,qst_number,ans_text) VALUES('34','21','69|');
INSERT INTO tb_ans_answers(pos_id,qst_number,ans_text) VALUES('34','05','41.15405382065805 -8.67411307990551');
INSERT INTO tb_ans_answers(pos_id,qst_number,ans_text) VALUES('34','19','64|61|');
INSERT INTO tb_ans_answers(pos_id,qst_number,ans_text) VALUES('34','13a','1');
INSERT INTO tb_ans_answers(pos_id,qst_number,ans_text) VALUES('34','29','0|');
INSERT INTO tb_ans_answers(pos_id,qst_number,ans_text) VALUES('34','49b','5');
INSERT INTO tb_ans_answers(pos_id,qst_number,ans_text) VALUES('34','45','1');
INSERT INTO tb_ans_answers(pos_id,qst_number,ans_text) VALUES('34','06','');
INSERT INTO tb_ans_answers(pos_id,qst_number,ans_text) VALUES('34','48b','1');
INSERT INTO tb_ans_answers(pos_id,qst_number,ans_text) VALUES('34','13b','34|');
INSERT INTO tb_ans_answers(pos_id,qst_number,ans_text) VALUES('34','39','1');
INSERT INTO tb_ans_answers(pos_id,qst_number,ans_text) VALUES('34','44','135|');
INSERT INTO tb_ans_answers(pos_id,qst_number,ans_text) VALUES('34','31','0');
INSERT INTO tb_ans_answers(pos_id,qst_number,ans_text) VALUES('34','35','1');
INSERT INTO tb_ans_answers(pos_id,qst_number,ans_text) VALUES('34','36','1');
INSERT INTO tb_ans_answers(pos_id,qst_number,ans_text) VALUES('34','04','4150-070');
INSERT INTO tb_ans_answers(pos_id,qst_number,ans_text) VALUES('34','30','0');
INSERT INTO tb_ans_answers(pos_id,qst_number,ans_text) VALUES('34','28','');
INSERT INTO tb_ans_answers(pos_id,qst_number,ans_text) VALUES('34','25','0');
INSERT INTO tb_ans_answers(pos_id,qst_number,ans_text) VALUES('34','07','2|');
INSERT INTO tb_ans_answers(pos_id,qst_number,ans_text) VALUES('34','38','1');
INSERT INTO tb_ans_answers(pos_id,qst_number,ans_text) VALUES('34','14','1');
INSERT INTO tb_ans_answers(pos_id,qst_number,ans_text) VALUES('34','49c','5');
INSERT INTO tb_ans_answers(pos_id,qst_number,ans_text) VALUES('34','49a','3');
INSERT INTO tb_ans_answers(pos_id,qst_number,ans_text) VALUES('34','26','0');
INSERT INTO tb_ans_answers(pos_id,qst_number,ans_text) VALUES('34','46b','1');
INSERT INTO tb_ans_answers(pos_id,qst_number,ans_text) VALUES('34','08','10|');
INSERT INTO tb_ans_answers(pos_id,qst_number,ans_text) VALUES('22','33','0');
INSERT INTO tb_ans_answers(pos_id,qst_number,ans_text) VALUES('22','02','Campo 24 de Agosto, Bonfim, Porto');
INSERT INTO tb_ans_answers(pos_id,qst_number,ans_text) VALUES('22','10','1');
INSERT INTO tb_ans_answers(pos_id,qst_number,ans_text) VALUES('22','48b','0');
INSERT INTO tb_ans_answers(pos_id,qst_number,ans_text) VALUES('22','04','4300-502');
INSERT INTO tb_ans_answers(pos_id,qst_number,ans_text) VALUES('22','03','0.52');
INSERT INTO tb_ans_answers(pos_id,qst_number,ans_text) VALUES('22','16','48|46|');
INSERT INTO tb_ans_answers(pos_id,qst_number,ans_text) VALUES('22','22','2');
INSERT INTO tb_ans_answers(pos_id,qst_number,ans_text) VALUES('22','39','1');
INSERT INTO tb_ans_answers(pos_id,qst_number,ans_text) VALUES('22','19','65|61|');
INSERT INTO tb_ans_answers(pos_id,qst_number,ans_text) VALUES('22','47','0');
INSERT INTO tb_ans_answers(pos_id,qst_number,ans_text) VALUES('22','06','1914');
INSERT INTO tb_ans_answers(pos_id,qst_number,ans_text) VALUES('22','49a','3');
INSERT INTO tb_ans_answers(pos_id,qst_number,ans_text) VALUES('22','46a','1');
INSERT INTO tb_ans_answers(pos_id,qst_number,ans_text) VALUES('22','42','0');
INSERT INTO tb_ans_answers(pos_id,qst_number,ans_text) VALUES('22','37','0');
INSERT INTO tb_ans_answers(pos_id,qst_number,ans_text) VALUES('22','23','0');
INSERT INTO tb_ans_answers(pos_id,qst_number,ans_text) VALUES('22','26','0');
INSERT INTO tb_ans_answers(pos_id,qst_number,ans_text) VALUES('22','46b','1');
INSERT INTO tb_ans_answers(pos_id,qst_number,ans_text) VALUES('22','41','0');
INSERT INTO tb_ans_answers(pos_id,qst_number,ans_text) VALUES('22','20','1');
INSERT INTO tb_ans_answers(pos_id,qst_number,ans_text) VALUES('22','34','4');
INSERT INTO tb_ans_answers(pos_id,qst_number,ans_text) VALUES('22','30','0');
INSERT INTO tb_ans_answers(pos_id,qst_number,ans_text) VALUES('22','08','10|');
INSERT INTO tb_ans_answers(pos_id,qst_number,ans_text) VALUES('22','28','');
INSERT INTO tb_ans_answers(pos_id,qst_number,ans_text) VALUES('22','14','1');
INSERT INTO tb_ans_answers(pos_id,qst_number,ans_text) VALUES('22','45','1');
INSERT INTO tb_ans_answers(pos_id,qst_number,ans_text) VALUES('22','12','1');
INSERT INTO tb_ans_answers(pos_id,qst_number,ans_text) VALUES('22','15','1');
INSERT INTO tb_ans_answers(pos_id,qst_number,ans_text) VALUES('22','24','0');
INSERT INTO tb_ans_answers(pos_id,qst_number,ans_text) VALUES('22','17','1');
INSERT INTO tb_ans_answers(pos_id,qst_number,ans_text) VALUES('22','48a','1');
INSERT INTO tb_ans_answers(pos_id,qst_number,ans_text) VALUES('22','18a','53|');
INSERT INTO tb_ans_answers(pos_id,qst_number,ans_text) VALUES('22','11','25|24|');
INSERT INTO tb_ans_answers(pos_id,qst_number,ans_text) VALUES('22','13a','1');
INSERT INTO tb_ans_answers(pos_id,qst_number,ans_text) VALUES('22','32b','');
INSERT INTO tb_ans_answers(pos_id,qst_number,ans_text) VALUES('22','36','1');
INSERT INTO tb_ans_answers(pos_id,qst_number,ans_text) VALUES('22','43','1');
INSERT INTO tb_ans_answers(pos_id,qst_number,ans_text) VALUES('22','27','');
INSERT INTO tb_ans_answers(pos_id,qst_number,ans_text) VALUES('22','18b','3');
INSERT INTO tb_ans_answers(pos_id,qst_number,ans_text) VALUES('22','44','135|');
INSERT INTO tb_ans_answers(pos_id,qst_number,ans_text) VALUES('22','38','1');
INSERT INTO tb_ans_answers(pos_id,qst_number,ans_text) VALUES('22','13b','39|');
INSERT INTO tb_ans_answers(pos_id,qst_number,ans_text) VALUES('22','49c','5');
INSERT INTO tb_ans_answers(pos_id,qst_number,ans_text) VALUES('22','32a','0');
INSERT INTO tb_ans_answers(pos_id,qst_number,ans_text) VALUES('22','40','1');
INSERT INTO tb_ans_answers(pos_id,qst_number,ans_text) VALUES('22','07','2|');
INSERT INTO tb_ans_answers(pos_id,qst_number,ans_text) VALUES('22','21','69|');
INSERT INTO tb_ans_answers(pos_id,qst_number,ans_text) VALUES('22','29','0|');
INSERT INTO tb_ans_answers(pos_id,qst_number,ans_text) VALUES('22','46c','0');
INSERT INTO tb_ans_answers(pos_id,qst_number,ans_text) VALUES('22','05','41.14944193874315 -8.59901610423218');
INSERT INTO tb_ans_answers(pos_id,qst_number,ans_text) VALUES('22','01','02');
INSERT INTO tb_ans_answers(pos_id,qst_number,ans_text) VALUES('22','09','0');
INSERT INTO tb_ans_answers(pos_id,qst_number,ans_text) VALUES('22','25','1');
INSERT INTO tb_ans_answers(pos_id,qst_number,ans_text) VALUES('22','35','1');
INSERT INTO tb_ans_answers(pos_id,qst_number,ans_text) VALUES('22','49b','5');
INSERT INTO tb_ans_answers(pos_id,qst_number,ans_text) VALUES('22','31','0');
INSERT INTO tb_ans_answers(pos_id,qst_number,ans_text) VALUES('41','26','0');
INSERT INTO tb_ans_answers(pos_id,qst_number,ans_text) VALUES('41','18a','53|');
INSERT INTO tb_ans_answers(pos_id,qst_number,ans_text) VALUES('41','08','10|');
INSERT INTO tb_ans_answers(pos_id,qst_number,ans_text) VALUES('41','42','0');
INSERT INTO tb_ans_answers(pos_id,qst_number,ans_text) VALUES('41','49c','5');
INSERT INTO tb_ans_answers(pos_id,qst_number,ans_text) VALUES('41','29','0|');
INSERT INTO tb_ans_answers(pos_id,qst_number,ans_text) VALUES('41','43','');
INSERT INTO tb_ans_answers(pos_id,qst_number,ans_text) VALUES('41','37','1');
INSERT INTO tb_ans_answers(pos_id,qst_number,ans_text) VALUES('41','16','49|');
INSERT INTO tb_ans_answers(pos_id,qst_number,ans_text) VALUES('41','25','0');
INSERT INTO tb_ans_answers(pos_id,qst_number,ans_text) VALUES('41','32b','');
INSERT INTO tb_ans_answers(pos_id,qst_number,ans_text) VALUES('41','40','');
INSERT INTO tb_ans_answers(pos_id,qst_number,ans_text) VALUES('41','33','1');
INSERT INTO tb_ans_answers(pos_id,qst_number,ans_text) VALUES('41','30','0');
INSERT INTO tb_ans_answers(pos_id,qst_number,ans_text) VALUES('41','46a','3');
INSERT INTO tb_ans_answers(pos_id,qst_number,ans_text) VALUES('41','48b','1');
INSERT INTO tb_ans_answers(pos_id,qst_number,ans_text) VALUES('41','22','3');
INSERT INTO tb_ans_answers(pos_id,qst_number,ans_text) VALUES('41','09','0');
INSERT INTO tb_ans_answers(pos_id,qst_number,ans_text) VALUES('41','34','4');
INSERT INTO tb_ans_answers(pos_id,qst_number,ans_text) VALUES('41','32a','0');
INSERT INTO tb_ans_answers(pos_id,qst_number,ans_text) VALUES('41','07','2|');
INSERT INTO tb_ans_answers(pos_id,qst_number,ans_text) VALUES('41','10','1');
INSERT INTO tb_ans_answers(pos_id,qst_number,ans_text) VALUES('41','39','0');
INSERT INTO tb_ans_answers(pos_id,qst_number,ans_text) VALUES('41','46b','');
INSERT INTO tb_ans_answers(pos_id,qst_number,ans_text) VALUES('41','18b','1');
INSERT INTO tb_ans_answers(pos_id,qst_number,ans_text) VALUES('41','20','1');
INSERT INTO tb_ans_answers(pos_id,qst_number,ans_text) VALUES('41','15','3');
INSERT INTO tb_ans_answers(pos_id,qst_number,ans_text) VALUES('41','17','1');
INSERT INTO tb_ans_answers(pos_id,qst_number,ans_text) VALUES('41','02','Rua do Campo Alegre, 1191, Porto');
INSERT INTO tb_ans_answers(pos_id,qst_number,ans_text) VALUES('41','01','03');
INSERT INTO tb_ans_answers(pos_id,qst_number,ans_text) VALUES('41','12','1');
INSERT INTO tb_ans_answers(pos_id,qst_number,ans_text) VALUES('41','05','41.15320910263655 -8.643127456307411');
INSERT INTO tb_ans_answers(pos_id,qst_number,ans_text) VALUES('41','13b','36|35|240|');
INSERT INTO tb_ans_answers(pos_id,qst_number,ans_text) VALUES('41','36','1');
INSERT INTO tb_ans_answers(pos_id,qst_number,ans_text) VALUES('41','49b','5');
INSERT INTO tb_ans_answers(pos_id,qst_number,ans_text) VALUES('41','49a','1');
INSERT INTO tb_ans_answers(pos_id,qst_number,ans_text) VALUES('41','14','1');
INSERT INTO tb_ans_answers(pos_id,qst_number,ans_text) VALUES('41','06','1951');
INSERT INTO tb_ans_answers(pos_id,qst_number,ans_text) VALUES('41','47','0');
INSERT INTO tb_ans_answers(pos_id,qst_number,ans_text) VALUES('41','11','25|24|');
INSERT INTO tb_ans_answers(pos_id,qst_number,ans_text) VALUES('41','38','0');
INSERT INTO tb_ans_answers(pos_id,qst_number,ans_text) VALUES('41','31','0');
INSERT INTO tb_ans_answers(pos_id,qst_number,ans_text) VALUES('41','44','');
INSERT INTO tb_ans_answers(pos_id,qst_number,ans_text) VALUES('41','48a','1');
INSERT INTO tb_ans_answers(pos_id,qst_number,ans_text) VALUES('41','24','0');
INSERT INTO tb_ans_answers(pos_id,qst_number,ans_text) VALUES('41','35','1');
INSERT INTO tb_ans_answers(pos_id,qst_number,ans_text) VALUES('41','23','0');
INSERT INTO tb_ans_answers(pos_id,qst_number,ans_text) VALUES('41','45','3');
INSERT INTO tb_ans_answers(pos_id,qst_number,ans_text) VALUES('41','27','');
INSERT INTO tb_ans_answers(pos_id,qst_number,ans_text) VALUES('41','46c','');
INSERT INTO tb_ans_answers(pos_id,qst_number,ans_text) VALUES('41','41','0');
INSERT INTO tb_ans_answers(pos_id,qst_number,ans_text) VALUES('41','13a','1');
INSERT INTO tb_ans_answers(pos_id,qst_number,ans_text) VALUES('41','21','69|');
INSERT INTO tb_ans_answers(pos_id,qst_number,ans_text) VALUES('41','19','65|241|');
INSERT INTO tb_ans_answers(pos_id,qst_number,ans_text) VALUES('41','04','4150-181');
INSERT INTO tb_ans_answers(pos_id,qst_number,ans_text) VALUES('41','28','');
INSERT INTO tb_ans_answers(pos_id,qst_number,ans_text) VALUES('41','03','4.83');
INSERT INTO tb_ans_answers(pos_id,qst_number,ans_text) VALUES('26','25','1');
INSERT INTO tb_ans_answers(pos_id,qst_number,ans_text) VALUES('26','02','Rua do Vale Formoso, Paranhos, Porto');
INSERT INTO tb_ans_answers(pos_id,qst_number,ans_text) VALUES('26','10','1');
INSERT INTO tb_ans_answers(pos_id,qst_number,ans_text) VALUES('26','45','1');
INSERT INTO tb_ans_answers(pos_id,qst_number,ans_text) VALUES('26','12','1');
INSERT INTO tb_ans_answers(pos_id,qst_number,ans_text) VALUES('26','11','24|');
INSERT INTO tb_ans_answers(pos_id,qst_number,ans_text) VALUES('26','16','48|46|');
INSERT INTO tb_ans_answers(pos_id,qst_number,ans_text) VALUES('26','48b','1');
INSERT INTO tb_ans_answers(pos_id,qst_number,ans_text) VALUES('26','46a','2');
INSERT INTO tb_ans_answers(pos_id,qst_number,ans_text) VALUES('26','04','4200-422');
INSERT INTO tb_ans_answers(pos_id,qst_number,ans_text) VALUES('26','21','69|');
INSERT INTO tb_ans_answers(pos_id,qst_number,ans_text) VALUES('26','13a','1');
INSERT INTO tb_ans_answers(pos_id,qst_number,ans_text) VALUES('26','33','1');
INSERT INTO tb_ans_answers(pos_id,qst_number,ans_text) VALUES('26','32b','2');
INSERT INTO tb_ans_answers(pos_id,qst_number,ans_text) VALUES('26','48a','1');
INSERT INTO tb_ans_answers(pos_id,qst_number,ans_text) VALUES('26','14','1');
INSERT INTO tb_ans_answers(pos_id,qst_number,ans_text) VALUES('26','41','0');
INSERT INTO tb_ans_answers(pos_id,qst_number,ans_text) VALUES('26','05','41.17197637161325 -8.612114757299423');
INSERT INTO tb_ans_answers(pos_id,qst_number,ans_text) VALUES('26','06','1900');
INSERT INTO tb_ans_answers(pos_id,qst_number,ans_text) VALUES('26','34','4');
INSERT INTO tb_ans_answers(pos_id,qst_number,ans_text) VALUES('26','30','0');
INSERT INTO tb_ans_answers(pos_id,qst_number,ans_text) VALUES('26','46c','0');
INSERT INTO tb_ans_answers(pos_id,qst_number,ans_text) VALUES('26','42','1');
INSERT INTO tb_ans_answers(pos_id,qst_number,ans_text) VALUES('26','26','0');
INSERT INTO tb_ans_answers(pos_id,qst_number,ans_text) VALUES('26','43','1');
INSERT INTO tb_ans_answers(pos_id,qst_number,ans_text) VALUES('26','15','3');
INSERT INTO tb_ans_answers(pos_id,qst_number,ans_text) VALUES('26','03','2.35');
INSERT INTO tb_ans_answers(pos_id,qst_number,ans_text) VALUES('26','29','0|');
INSERT INTO tb_ans_answers(pos_id,qst_number,ans_text) VALUES('26','49c','5');
INSERT INTO tb_ans_answers(pos_id,qst_number,ans_text) VALUES('26','27','');
INSERT INTO tb_ans_answers(pos_id,qst_number,ans_text) VALUES('26','49b','5');
INSERT INTO tb_ans_answers(pos_id,qst_number,ans_text) VALUES('26','09','0');
INSERT INTO tb_ans_answers(pos_id,qst_number,ans_text) VALUES('26','24','1');
INSERT INTO tb_ans_answers(pos_id,qst_number,ans_text) VALUES('26','36','1');
INSERT INTO tb_ans_answers(pos_id,qst_number,ans_text) VALUES('26','18b','1');
INSERT INTO tb_ans_answers(pos_id,qst_number,ans_text) VALUES('26','07','2|');
INSERT INTO tb_ans_answers(pos_id,qst_number,ans_text) VALUES('26','37','1');
INSERT INTO tb_ans_answers(pos_id,qst_number,ans_text) VALUES('26','17','1');
INSERT INTO tb_ans_answers(pos_id,qst_number,ans_text) VALUES('26','01','04');
INSERT INTO tb_ans_answers(pos_id,qst_number,ans_text) VALUES('26','23','1');
INSERT INTO tb_ans_answers(pos_id,qst_number,ans_text) VALUES('26','46b','1');
INSERT INTO tb_ans_answers(pos_id,qst_number,ans_text) VALUES('26','22','2');
INSERT INTO tb_ans_answers(pos_id,qst_number,ans_text) VALUES('26','13b','36|242|');
INSERT INTO tb_ans_answers(pos_id,qst_number,ans_text) VALUES('26','39','1');
INSERT INTO tb_ans_answers(pos_id,qst_number,ans_text) VALUES('26','47','0');
INSERT INTO tb_ans_answers(pos_id,qst_number,ans_text) VALUES('26','08','10|');
INSERT INTO tb_ans_answers(pos_id,qst_number,ans_text) VALUES('26','35','1');
INSERT INTO tb_ans_answers(pos_id,qst_number,ans_text) VALUES('26','49a','1');
INSERT INTO tb_ans_answers(pos_id,qst_number,ans_text) VALUES('26','28','');
INSERT INTO tb_ans_answers(pos_id,qst_number,ans_text) VALUES('26','31','0');
INSERT INTO tb_ans_answers(pos_id,qst_number,ans_text) VALUES('26','20','1');
INSERT INTO tb_ans_answers(pos_id,qst_number,ans_text) VALUES('26','44','135|');
INSERT INTO tb_ans_answers(pos_id,qst_number,ans_text) VALUES('26','18a','53|');
INSERT INTO tb_ans_answers(pos_id,qst_number,ans_text) VALUES('26','32a','1');
INSERT INTO tb_ans_answers(pos_id,qst_number,ans_text) VALUES('26','40','1');
INSERT INTO tb_ans_answers(pos_id,qst_number,ans_text) VALUES('26','19','64|61|');
INSERT INTO tb_ans_answers(pos_id,qst_number,ans_text) VALUES('26','38','1');
INSERT INTO tb_ans_answers(pos_id,qst_number,ans_text) VALUES('31','44','135|');
INSERT INTO tb_ans_answers(pos_id,qst_number,ans_text) VALUES('31','48a','');
INSERT INTO tb_ans_answers(pos_id,qst_number,ans_text) VALUES('31','03','0.77');
INSERT INTO tb_ans_answers(pos_id,qst_number,ans_text) VALUES('31','13b','243|');
INSERT INTO tb_ans_answers(pos_id,qst_number,ans_text) VALUES('31','41','0');
INSERT INTO tb_ans_answers(pos_id,qst_number,ans_text) VALUES('31','29','0|');
INSERT INTO tb_ans_answers(pos_id,qst_number,ans_text) VALUES('31','31','0');
INSERT INTO tb_ans_answers(pos_id,qst_number,ans_text) VALUES('31','38','0');
INSERT INTO tb_ans_answers(pos_id,qst_number,ans_text) VALUES('31','18a','53|');
INSERT INTO tb_ans_answers(pos_id,qst_number,ans_text) VALUES('31','24','0');
INSERT INTO tb_ans_answers(pos_id,qst_number,ans_text) VALUES('31','28','');
INSERT INTO tb_ans_answers(pos_id,qst_number,ans_text) VALUES('31','23','0');
INSERT INTO tb_ans_answers(pos_id,qst_number,ans_text) VALUES('31','07','2|');
INSERT INTO tb_ans_answers(pos_id,qst_number,ans_text) VALUES('31','11','25|24|');
INSERT INTO tb_ans_answers(pos_id,qst_number,ans_text) VALUES('31','22','');
INSERT INTO tb_ans_answers(pos_id,qst_number,ans_text) VALUES('31','19','65|244|');
INSERT INTO tb_ans_answers(pos_id,qst_number,ans_text) VALUES('31','09','0');
INSERT INTO tb_ans_answers(pos_id,qst_number,ans_text) VALUES('31','12','1');
INSERT INTO tb_ans_answers(pos_id,qst_number,ans_text) VALUES('31','17','1');
INSERT INTO tb_ans_answers(pos_id,qst_number,ans_text) VALUES('31','34','4');
INSERT INTO tb_ans_answers(pos_id,qst_number,ans_text) VALUES('31','06','2013');
INSERT INTO tb_ans_answers(pos_id,qst_number,ans_text) VALUES('31','21','72|');
INSERT INTO tb_ans_answers(pos_id,qst_number,ans_text) VALUES('31','32a','0');
INSERT INTO tb_ans_answers(pos_id,qst_number,ans_text) VALUES('31','26','0');
INSERT INTO tb_ans_answers(pos_id,qst_number,ans_text) VALUES('31','15','1');
INSERT INTO tb_ans_answers(pos_id,qst_number,ans_text) VALUES('31','18b','3');
INSERT INTO tb_ans_answers(pos_id,qst_number,ans_text) VALUES('31','13a','1');
INSERT INTO tb_ans_answers(pos_id,qst_number,ans_text) VALUES('31','30','0');
INSERT INTO tb_ans_answers(pos_id,qst_number,ans_text) VALUES('31','10','1');
INSERT INTO tb_ans_answers(pos_id,qst_number,ans_text) VALUES('31','47','1');
INSERT INTO tb_ans_answers(pos_id,qst_number,ans_text) VALUES('31','46c','');
INSERT INTO tb_ans_answers(pos_id,qst_number,ans_text) VALUES('31','43','1');
INSERT INTO tb_ans_answers(pos_id,qst_number,ans_text) VALUES('31','36','1');
INSERT INTO tb_ans_answers(pos_id,qst_number,ans_text) VALUES('31','16','49|47|');
INSERT INTO tb_ans_answers(pos_id,qst_number,ans_text) VALUES('31','45','3');
INSERT INTO tb_ans_answers(pos_id,qst_number,ans_text) VALUES('31','27','');
INSERT INTO tb_ans_answers(pos_id,qst_number,ans_text) VALUES('31','46b','');
INSERT INTO tb_ans_answers(pos_id,qst_number,ans_text) VALUES('31','14','1');
INSERT INTO tb_ans_answers(pos_id,qst_number,ans_text) VALUES('31','04','4250-118');
INSERT INTO tb_ans_answers(pos_id,qst_number,ans_text) VALUES('31','02','Rua dos Castelos, Ramalde, Porto');
INSERT INTO tb_ans_answers(pos_id,qst_number,ans_text) VALUES('31','01','05');
INSERT INTO tb_ans_answers(pos_id,qst_number,ans_text) VALUES('31','20','1');
INSERT INTO tb_ans_answers(pos_id,qst_number,ans_text) VALUES('31','32b','');
INSERT INTO tb_ans_answers(pos_id,qst_number,ans_text) VALUES('31','37','1');
INSERT INTO tb_ans_answers(pos_id,qst_number,ans_text) VALUES('31','48b','');
INSERT INTO tb_ans_answers(pos_id,qst_number,ans_text) VALUES('31','25','0');
INSERT INTO tb_ans_answers(pos_id,qst_number,ans_text) VALUES('31','49a','3');
INSERT INTO tb_ans_answers(pos_id,qst_number,ans_text) VALUES('31','40','');
INSERT INTO tb_ans_answers(pos_id,qst_number,ans_text) VALUES('31','05','41.170583352001984 -8.63097402267158');
INSERT INTO tb_ans_answers(pos_id,qst_number,ans_text) VALUES('31','49c','5');
INSERT INTO tb_ans_answers(pos_id,qst_number,ans_text) VALUES('31','39','0');
INSERT INTO tb_ans_answers(pos_id,qst_number,ans_text) VALUES('31','08','10|');
INSERT INTO tb_ans_answers(pos_id,qst_number,ans_text) VALUES('31','49b','5');
INSERT INTO tb_ans_answers(pos_id,qst_number,ans_text) VALUES('31','33','1');
INSERT INTO tb_ans_answers(pos_id,qst_number,ans_text) VALUES('31','35','1');
INSERT INTO tb_ans_answers(pos_id,qst_number,ans_text) VALUES('31','46a','3');
INSERT INTO tb_ans_answers(pos_id,qst_number,ans_text) VALUES('31','42','0');
INSERT INTO tb_ans_answers(pos_id,qst_number,ans_text) VALUES('9','08','17|10|');
INSERT INTO tb_ans_answers(pos_id,qst_number,ans_text) VALUES('9','02','Rua Campo dos Mártires da Pátria, Vitória, Porto');
INSERT INTO tb_ans_answers(pos_id,qst_number,ans_text) VALUES('9','32a','0');
INSERT INTO tb_ans_answers(pos_id,qst_number,ans_text) VALUES('9','46b','1');
INSERT INTO tb_ans_answers(pos_id,qst_number,ans_text) VALUES('9','35','1');
INSERT INTO tb_ans_answers(pos_id,qst_number,ans_text) VALUES('9','26','1');
INSERT INTO tb_ans_answers(pos_id,qst_number,ans_text) VALUES('9','25','1');
INSERT INTO tb_ans_answers(pos_id,qst_number,ans_text) VALUES('9','40','1');
INSERT INTO tb_ans_answers(pos_id,qst_number,ans_text) VALUES('9','38','1');
INSERT INTO tb_ans_answers(pos_id,qst_number,ans_text) VALUES('9','13a','1');
INSERT INTO tb_ans_answers(pos_id,qst_number,ans_text) VALUES('9','27','88|87|85|245|');
INSERT INTO tb_ans_answers(pos_id,qst_number,ans_text) VALUES('9','03','2.27');
INSERT INTO tb_ans_answers(pos_id,qst_number,ans_text) VALUES('9','24','1');
INSERT INTO tb_ans_answers(pos_id,qst_number,ans_text) VALUES('9','18a','53|');
INSERT INTO tb_ans_answers(pos_id,qst_number,ans_text) VALUES('9','29','1|1|');
INSERT INTO tb_ans_answers(pos_id,qst_number,ans_text) VALUES('9','49c','5');
INSERT INTO tb_ans_answers(pos_id,qst_number,ans_text) VALUES('9','19','64|63|61|');
INSERT INTO tb_ans_answers(pos_id,qst_number,ans_text) VALUES('9','04','4050-368');
INSERT INTO tb_ans_answers(pos_id,qst_number,ans_text) VALUES('9','49a','2');
INSERT INTO tb_ans_answers(pos_id,qst_number,ans_text) VALUES('9','01','06');
INSERT INTO tb_ans_answers(pos_id,qst_number,ans_text) VALUES('9','36','1');
INSERT INTO tb_ans_answers(pos_id,qst_number,ans_text) VALUES('9','42','1');
INSERT INTO tb_ans_answers(pos_id,qst_number,ans_text) VALUES('9','09','0');
INSERT INTO tb_ans_answers(pos_id,qst_number,ans_text) VALUES('9','14','1');
INSERT INTO tb_ans_answers(pos_id,qst_number,ans_text) VALUES('9','32b','');
INSERT INTO tb_ans_answers(pos_id,qst_number,ans_text) VALUES('9','37','0');
INSERT INTO tb_ans_answers(pos_id,qst_number,ans_text) VALUES('9','06','1865');
INSERT INTO tb_ans_answers(pos_id,qst_number,ans_text) VALUES('9','20','1');
INSERT INTO tb_ans_answers(pos_id,qst_number,ans_text) VALUES('9','34','1');
INSERT INTO tb_ans_answers(pos_id,qst_number,ans_text) VALUES('9','43','1');
INSERT INTO tb_ans_answers(pos_id,qst_number,ans_text) VALUES('9','41','0');
INSERT INTO tb_ans_answers(pos_id,qst_number,ans_text) VALUES('9','45','1');
INSERT INTO tb_ans_answers(pos_id,qst_number,ans_text) VALUES('9','21','69|');
INSERT INTO tb_ans_answers(pos_id,qst_number,ans_text) VALUES('9','44','136|135|');
INSERT INTO tb_ans_answers(pos_id,qst_number,ans_text) VALUES('9','47','0');
INSERT INTO tb_ans_answers(pos_id,qst_number,ans_text) VALUES('9','05','41.145855933664066 -8.616724602878094');
INSERT INTO tb_ans_answers(pos_id,qst_number,ans_text) VALUES('9','39','1');
INSERT INTO tb_ans_answers(pos_id,qst_number,ans_text) VALUES('9','22','2');
INSERT INTO tb_ans_answers(pos_id,qst_number,ans_text) VALUES('9','48b','1');
INSERT INTO tb_ans_answers(pos_id,qst_number,ans_text) VALUES('9','11','24|');
INSERT INTO tb_ans_answers(pos_id,qst_number,ans_text) VALUES('9','46a','2');
INSERT INTO tb_ans_answers(pos_id,qst_number,ans_text) VALUES('9','15','2');
INSERT INTO tb_ans_answers(pos_id,qst_number,ans_text) VALUES('9','07','2|');
INSERT INTO tb_ans_answers(pos_id,qst_number,ans_text) VALUES('9','30','0');
INSERT INTO tb_ans_answers(pos_id,qst_number,ans_text) VALUES('9','13b','36|34|246|');
INSERT INTO tb_ans_answers(pos_id,qst_number,ans_text) VALUES('9','16','48|46|');
INSERT INTO tb_ans_answers(pos_id,qst_number,ans_text) VALUES('9','28','94|');
INSERT INTO tb_ans_answers(pos_id,qst_number,ans_text) VALUES('9','49b','5');
INSERT INTO tb_ans_answers(pos_id,qst_number,ans_text) VALUES('9','48a','1');
INSERT INTO tb_ans_answers(pos_id,qst_number,ans_text) VALUES('9','31','1');
INSERT INTO tb_ans_answers(pos_id,qst_number,ans_text) VALUES('9','33','1');
INSERT INTO tb_ans_answers(pos_id,qst_number,ans_text) VALUES('9','12','1');
INSERT INTO tb_ans_answers(pos_id,qst_number,ans_text) VALUES('9','46c','0');
INSERT INTO tb_ans_answers(pos_id,qst_number,ans_text) VALUES('9','17','1');
INSERT INTO tb_ans_answers(pos_id,qst_number,ans_text) VALUES('9','18b','1');
INSERT INTO tb_ans_answers(pos_id,qst_number,ans_text) VALUES('9','10','1');
INSERT INTO tb_ans_answers(pos_id,qst_number,ans_text) VALUES('9','23','1');
INSERT INTO tb_ans_answers(pos_id,qst_number,ans_text) VALUES('24','02','Praça da Corujeira, Campanhã, Porto');
INSERT INTO tb_ans_answers(pos_id,qst_number,ans_text) VALUES('24','27','');
INSERT INTO tb_ans_answers(pos_id,qst_number,ans_text) VALUES('24','03','2.56');
INSERT INTO tb_ans_answers(pos_id,qst_number,ans_text) VALUES('24','36','1');
INSERT INTO tb_ans_answers(pos_id,qst_number,ans_text) VALUES('24','10','1');
INSERT INTO tb_ans_answers(pos_id,qst_number,ans_text) VALUES('24','13b','247|');
INSERT INTO tb_ans_answers(pos_id,qst_number,ans_text) VALUES('24','41','0');
INSERT INTO tb_ans_answers(pos_id,qst_number,ans_text) VALUES('24','22','2');
INSERT INTO tb_ans_answers(pos_id,qst_number,ans_text) VALUES('24','49b','5');
INSERT INTO tb_ans_answers(pos_id,qst_number,ans_text) VALUES('24','45','1');
INSERT INTO tb_ans_answers(pos_id,qst_number,ans_text) VALUES('24','08','10|');
INSERT INTO tb_ans_answers(pos_id,qst_number,ans_text) VALUES('24','18b','1');
INSERT INTO tb_ans_answers(pos_id,qst_number,ans_text) VALUES('24','23','1');
INSERT INTO tb_ans_answers(pos_id,qst_number,ans_text) VALUES('24','01','07');
INSERT INTO tb_ans_answers(pos_id,qst_number,ans_text) VALUES('24','44','136|135|');
INSERT INTO tb_ans_answers(pos_id,qst_number,ans_text) VALUES('24','18a','53|');
INSERT INTO tb_ans_answers(pos_id,qst_number,ans_text) VALUES('24','06','1915');
INSERT INTO tb_ans_answers(pos_id,qst_number,ans_text) VALUES('24','47','0');
INSERT INTO tb_ans_answers(pos_id,qst_number,ans_text) VALUES('24','20','1');
INSERT INTO tb_ans_answers(pos_id,qst_number,ans_text) VALUES('24','35','1');
INSERT INTO tb_ans_answers(pos_id,qst_number,ans_text) VALUES('24','25','1');
INSERT INTO tb_ans_answers(pos_id,qst_number,ans_text) VALUES('24','37','1');
INSERT INTO tb_ans_answers(pos_id,qst_number,ans_text) VALUES('24','21','69|');
INSERT INTO tb_ans_answers(pos_id,qst_number,ans_text) VALUES('24','42','1');
INSERT INTO tb_ans_answers(pos_id,qst_number,ans_text) VALUES('24','04','4300-144');
INSERT INTO tb_ans_answers(pos_id,qst_number,ans_text) VALUES('24','12','1');
INSERT INTO tb_ans_answers(pos_id,qst_number,ans_text) VALUES('24','11','25|');
INSERT INTO tb_ans_answers(pos_id,qst_number,ans_text) VALUES('24','43','1');
INSERT INTO tb_ans_answers(pos_id,qst_number,ans_text) VALUES('24','17','0');
INSERT INTO tb_ans_answers(pos_id,qst_number,ans_text) VALUES('24','46b','1');
INSERT INTO tb_ans_answers(pos_id,qst_number,ans_text) VALUES('24','34','4');
INSERT INTO tb_ans_answers(pos_id,qst_number,ans_text) VALUES('24','13a','1');
INSERT INTO tb_ans_answers(pos_id,qst_number,ans_text) VALUES('24','40','');
INSERT INTO tb_ans_answers(pos_id,qst_number,ans_text) VALUES('24','15','2');
INSERT INTO tb_ans_answers(pos_id,qst_number,ans_text) VALUES('24','07','2|');
INSERT INTO tb_ans_answers(pos_id,qst_number,ans_text) VALUES('24','48b','1');
INSERT INTO tb_ans_answers(pos_id,qst_number,ans_text) VALUES('24','48a','1');
INSERT INTO tb_ans_answers(pos_id,qst_number,ans_text) VALUES('24','24','1');
INSERT INTO tb_ans_answers(pos_id,qst_number,ans_text) VALUES('24','09','0');
INSERT INTO tb_ans_answers(pos_id,qst_number,ans_text) VALUES('24','39','0');
INSERT INTO tb_ans_answers(pos_id,qst_number,ans_text) VALUES('24','05','41.15774717119526 -8.579403944313526');
INSERT INTO tb_ans_answers(pos_id,qst_number,ans_text) VALUES('24','38','1');
INSERT INTO tb_ans_answers(pos_id,qst_number,ans_text) VALUES('24','33','0');
INSERT INTO tb_ans_answers(pos_id,qst_number,ans_text) VALUES('24','32a','1');
INSERT INTO tb_ans_answers(pos_id,qst_number,ans_text) VALUES('24','16','48|46|');
INSERT INTO tb_ans_answers(pos_id,qst_number,ans_text) VALUES('24','26','0');
INSERT INTO tb_ans_answers(pos_id,qst_number,ans_text) VALUES('24','30','0');
INSERT INTO tb_ans_answers(pos_id,qst_number,ans_text) VALUES('24','46a','1');
INSERT INTO tb_ans_answers(pos_id,qst_number,ans_text) VALUES('24','19','63|61|248|');
INSERT INTO tb_ans_answers(pos_id,qst_number,ans_text) VALUES('24','46c','0');
INSERT INTO tb_ans_answers(pos_id,qst_number,ans_text) VALUES('24','49c','5');
INSERT INTO tb_ans_answers(pos_id,qst_number,ans_text) VALUES('24','14','1');
INSERT INTO tb_ans_answers(pos_id,qst_number,ans_text) VALUES('24','28','');
INSERT INTO tb_ans_answers(pos_id,qst_number,ans_text) VALUES('24','29','0|');
INSERT INTO tb_ans_answers(pos_id,qst_number,ans_text) VALUES('24','31','0');
INSERT INTO tb_ans_answers(pos_id,qst_number,ans_text) VALUES('24','49a','3');
INSERT INTO tb_ans_answers(pos_id,qst_number,ans_text) VALUES('24','32b','2');
INSERT INTO tb_ans_answers(pos_id,qst_number,ans_text) VALUES('5','24','1');
INSERT INTO tb_ans_answers(pos_id,qst_number,ans_text) VALUES('5','14','1');
INSERT INTO tb_ans_answers(pos_id,qst_number,ans_text) VALUES('5','35','1');
INSERT INTO tb_ans_answers(pos_id,qst_number,ans_text) VALUES('5','05','41.15479305574042 -8.676681764423847');
INSERT INTO tb_ans_answers(pos_id,qst_number,ans_text) VALUES('5','33','0');
INSERT INTO tb_ans_answers(pos_id,qst_number,ans_text) VALUES('5','48a','');
INSERT INTO tb_ans_answers(pos_id,qst_number,ans_text) VALUES('5','28','');
INSERT INTO tb_ans_answers(pos_id,qst_number,ans_text) VALUES('5','17','1');
INSERT INTO tb_ans_answers(pos_id,qst_number,ans_text) VALUES('5','41','0');
INSERT INTO tb_ans_answers(pos_id,qst_number,ans_text) VALUES('5','29','0|');
INSERT INTO tb_ans_answers(pos_id,qst_number,ans_text) VALUES('5','46a','2');
INSERT INTO tb_ans_answers(pos_id,qst_number,ans_text) VALUES('5','22','2');
INSERT INTO tb_ans_answers(pos_id,qst_number,ans_text) VALUES('5','13a','1');
INSERT INTO tb_ans_answers(pos_id,qst_number,ans_text) VALUES('5','42','0');
INSERT INTO tb_ans_answers(pos_id,qst_number,ans_text) VALUES('5','44','136|135|');
INSERT INTO tb_ans_answers(pos_id,qst_number,ans_text) VALUES('5','32a','1');
INSERT INTO tb_ans_answers(pos_id,qst_number,ans_text) VALUES('5','48b','');
INSERT INTO tb_ans_answers(pos_id,qst_number,ans_text) VALUES('5','38','1');
INSERT INTO tb_ans_answers(pos_id,qst_number,ans_text) VALUES('5','49c','5');
INSERT INTO tb_ans_answers(pos_id,qst_number,ans_text) VALUES('5','45','1');
INSERT INTO tb_ans_answers(pos_id,qst_number,ans_text) VALUES('5','34','4');
INSERT INTO tb_ans_answers(pos_id,qst_number,ans_text) VALUES('5','02','Praça de Liége, Foz do Douro, Porto');
INSERT INTO tb_ans_answers(pos_id,qst_number,ans_text) VALUES('5','39','1');
INSERT INTO tb_ans_answers(pos_id,qst_number,ans_text) VALUES('5','31','0');
INSERT INTO tb_ans_answers(pos_id,qst_number,ans_text) VALUES('5','27','');
INSERT INTO tb_ans_answers(pos_id,qst_number,ans_text) VALUES('5','30','0');
INSERT INTO tb_ans_answers(pos_id,qst_number,ans_text) VALUES('5','03','0.49');
INSERT INTO tb_ans_answers(pos_id,qst_number,ans_text) VALUES('5','04','4150-455');
INSERT INTO tb_ans_answers(pos_id,qst_number,ans_text) VALUES('5','21','69|');
INSERT INTO tb_ans_answers(pos_id,qst_number,ans_text) VALUES('5','26','0');
INSERT INTO tb_ans_answers(pos_id,qst_number,ans_text) VALUES('5','08','10|');
INSERT INTO tb_ans_answers(pos_id,qst_number,ans_text) VALUES('5','07','2|');
INSERT INTO tb_ans_answers(pos_id,qst_number,ans_text) VALUES('5','18b','1');
INSERT INTO tb_ans_answers(pos_id,qst_number,ans_text) VALUES('5','46b','1');
INSERT INTO tb_ans_answers(pos_id,qst_number,ans_text) VALUES('5','49a','2');
INSERT INTO tb_ans_answers(pos_id,qst_number,ans_text) VALUES('5','23','1');
INSERT INTO tb_ans_answers(pos_id,qst_number,ans_text) VALUES('5','43','1');
INSERT INTO tb_ans_answers(pos_id,qst_number,ans_text) VALUES('5','12','1');
INSERT INTO tb_ans_answers(pos_id,qst_number,ans_text) VALUES('5','11','25|');
INSERT INTO tb_ans_answers(pos_id,qst_number,ans_text) VALUES('5','40','2');
INSERT INTO tb_ans_answers(pos_id,qst_number,ans_text) VALUES('5','06','1914');
INSERT INTO tb_ans_answers(pos_id,qst_number,ans_text) VALUES('5','25','0');
INSERT INTO tb_ans_answers(pos_id,qst_number,ans_text) VALUES('5','20','1');
INSERT INTO tb_ans_answers(pos_id,qst_number,ans_text) VALUES('5','47','1');
INSERT INTO tb_ans_answers(pos_id,qst_number,ans_text) VALUES('5','09','0');
INSERT INTO tb_ans_answers(pos_id,qst_number,ans_text) VALUES('5','19','64|61|');
INSERT INTO tb_ans_answers(pos_id,qst_number,ans_text) VALUES('5','01','08');
INSERT INTO tb_ans_answers(pos_id,qst_number,ans_text) VALUES('5','15','1');
INSERT INTO tb_ans_answers(pos_id,qst_number,ans_text) VALUES('5','46c','0');
INSERT INTO tb_ans_answers(pos_id,qst_number,ans_text) VALUES('5','10','1');
INSERT INTO tb_ans_answers(pos_id,qst_number,ans_text) VALUES('5','49b','5');
INSERT INTO tb_ans_answers(pos_id,qst_number,ans_text) VALUES('5','37','0');
INSERT INTO tb_ans_answers(pos_id,qst_number,ans_text) VALUES('5','16','46|249|');
INSERT INTO tb_ans_answers(pos_id,qst_number,ans_text) VALUES('5','32b','2');
INSERT INTO tb_ans_answers(pos_id,qst_number,ans_text) VALUES('5','13b','35|');
INSERT INTO tb_ans_answers(pos_id,qst_number,ans_text) VALUES('5','18a','53|');
INSERT INTO tb_ans_answers(pos_id,qst_number,ans_text) VALUES('5','36','1');
INSERT INTO tb_ans_answers(pos_id,qst_number,ans_text) VALUES('16','47','0');
INSERT INTO tb_ans_answers(pos_id,qst_number,ans_text) VALUES('16','19','65|64|61|');
INSERT INTO tb_ans_answers(pos_id,qst_number,ans_text) VALUES('16','31','0');
INSERT INTO tb_ans_answers(pos_id,qst_number,ans_text) VALUES('16','08','10|');
INSERT INTO tb_ans_answers(pos_id,qst_number,ans_text) VALUES('16','40','1');
INSERT INTO tb_ans_answers(pos_id,qst_number,ans_text) VALUES('16','43','1');
INSERT INTO tb_ans_answers(pos_id,qst_number,ans_text) VALUES('16','33','1');
INSERT INTO tb_ans_answers(pos_id,qst_number,ans_text) VALUES('16','01','09');
INSERT INTO tb_ans_answers(pos_id,qst_number,ans_text) VALUES('16','18a','53|');
INSERT INTO tb_ans_answers(pos_id,qst_number,ans_text) VALUES('16','32b','');
INSERT INTO tb_ans_answers(pos_id,qst_number,ans_text) VALUES('16','26','0');
INSERT INTO tb_ans_answers(pos_id,qst_number,ans_text) VALUES('16','16','48|46|');
INSERT INTO tb_ans_answers(pos_id,qst_number,ans_text) VALUES('16','04','4000-390');
INSERT INTO tb_ans_answers(pos_id,qst_number,ans_text) VALUES('16','30','0');
INSERT INTO tb_ans_answers(pos_id,qst_number,ans_text) VALUES('16','13a','1');
INSERT INTO tb_ans_answers(pos_id,qst_number,ans_text) VALUES('16','48a','1');
INSERT INTO tb_ans_answers(pos_id,qst_number,ans_text) VALUES('16','46a','2');
INSERT INTO tb_ans_answers(pos_id,qst_number,ans_text) VALUES('16','46c','0');
INSERT INTO tb_ans_answers(pos_id,qst_number,ans_text) VALUES('16','05','41.161237352446555 -8.6044218018651');
INSERT INTO tb_ans_answers(pos_id,qst_number,ans_text) VALUES('16','38','1');
INSERT INTO tb_ans_answers(pos_id,qst_number,ans_text) VALUES('16','15','2');
INSERT INTO tb_ans_answers(pos_id,qst_number,ans_text) VALUES('16','09','0');
INSERT INTO tb_ans_answers(pos_id,qst_number,ans_text) VALUES('16','18b','1');
INSERT INTO tb_ans_answers(pos_id,qst_number,ans_text) VALUES('16','21','69|');
INSERT INTO tb_ans_answers(pos_id,qst_number,ans_text) VALUES('16','32a','0');
INSERT INTO tb_ans_answers(pos_id,qst_number,ans_text) VALUES('16','29','0|');
INSERT INTO tb_ans_answers(pos_id,qst_number,ans_text) VALUES('16','35','1');
INSERT INTO tb_ans_answers(pos_id,qst_number,ans_text) VALUES('16','49a','2');
INSERT INTO tb_ans_answers(pos_id,qst_number,ans_text) VALUES('16','22','2');
INSERT INTO tb_ans_answers(pos_id,qst_number,ans_text) VALUES('16','02','Praça Marquês de Pombal, Santo Ildefonso, Porto');
INSERT INTO tb_ans_answers(pos_id,qst_number,ans_text) VALUES('16','24','1');
INSERT INTO tb_ans_answers(pos_id,qst_number,ans_text) VALUES('16','20','1');
INSERT INTO tb_ans_answers(pos_id,qst_number,ans_text) VALUES('16','45','1');
INSERT INTO tb_ans_answers(pos_id,qst_number,ans_text) VALUES('16','07','2|');
INSERT INTO tb_ans_answers(pos_id,qst_number,ans_text) VALUES('16','14','1');
INSERT INTO tb_ans_answers(pos_id,qst_number,ans_text) VALUES('16','03','0.79');
INSERT INTO tb_ans_answers(pos_id,qst_number,ans_text) VALUES('16','49b','5');
INSERT INTO tb_ans_answers(pos_id,qst_number,ans_text) VALUES('16','10','1');
INSERT INTO tb_ans_answers(pos_id,qst_number,ans_text) VALUES('16','37','0');
INSERT INTO tb_ans_answers(pos_id,qst_number,ans_text) VALUES('16','27','');
INSERT INTO tb_ans_answers(pos_id,qst_number,ans_text) VALUES('16','46b','1');
INSERT INTO tb_ans_answers(pos_id,qst_number,ans_text) VALUES('16','44','136|135|');
INSERT INTO tb_ans_answers(pos_id,qst_number,ans_text) VALUES('16','17','1');
INSERT INTO tb_ans_answers(pos_id,qst_number,ans_text) VALUES('16','12','1');
INSERT INTO tb_ans_answers(pos_id,qst_number,ans_text) VALUES('16','41','0');
INSERT INTO tb_ans_answers(pos_id,qst_number,ans_text) VALUES('16','23','1');
INSERT INTO tb_ans_answers(pos_id,qst_number,ans_text) VALUES('16','11','25|24|');
INSERT INTO tb_ans_answers(pos_id,qst_number,ans_text) VALUES('16','25','1');
INSERT INTO tb_ans_answers(pos_id,qst_number,ans_text) VALUES('16','06','1898');
INSERT INTO tb_ans_answers(pos_id,qst_number,ans_text) VALUES('16','48b','1');
INSERT INTO tb_ans_answers(pos_id,qst_number,ans_text) VALUES('16','13b','36|250|');
INSERT INTO tb_ans_answers(pos_id,qst_number,ans_text) VALUES('16','34','1');
INSERT INTO tb_ans_answers(pos_id,qst_number,ans_text) VALUES('16','42','0');
INSERT INTO tb_ans_answers(pos_id,qst_number,ans_text) VALUES('16','28','');
INSERT INTO tb_ans_answers(pos_id,qst_number,ans_text) VALUES('16','49c','5');
INSERT INTO tb_ans_answers(pos_id,qst_number,ans_text) VALUES('16','39','1');
INSERT INTO tb_ans_answers(pos_id,qst_number,ans_text) VALUES('16','36','1');
INSERT INTO tb_ans_answers(pos_id,qst_number,ans_text) VALUES('19','25','0');
INSERT INTO tb_ans_answers(pos_id,qst_number,ans_text) VALUES('19','13b','');
INSERT INTO tb_ans_answers(pos_id,qst_number,ans_text) VALUES('19','49a','3');
INSERT INTO tb_ans_answers(pos_id,qst_number,ans_text) VALUES('19','20','1');
INSERT INTO tb_ans_answers(pos_id,qst_number,ans_text) VALUES('19','48b','1');
INSERT INTO tb_ans_answers(pos_id,qst_number,ans_text) VALUES('19','34','4');
INSERT INTO tb_ans_answers(pos_id,qst_number,ans_text) VALUES('19','02','Rua Nova de São Crispim, Bonfim, Porto');
INSERT INTO tb_ans_answers(pos_id,qst_number,ans_text) VALUES('19','03','0.87');
INSERT INTO tb_ans_answers(pos_id,qst_number,ans_text) VALUES('19','04','4000-075');
INSERT INTO tb_ans_answers(pos_id,qst_number,ans_text) VALUES('19','45','1');
INSERT INTO tb_ans_answers(pos_id,qst_number,ans_text) VALUES('19','10','0');
INSERT INTO tb_ans_answers(pos_id,qst_number,ans_text) VALUES('19','32a','0');
INSERT INTO tb_ans_answers(pos_id,qst_number,ans_text) VALUES('19','49b','5');
INSERT INTO tb_ans_answers(pos_id,qst_number,ans_text) VALUES('19','40','2');
INSERT INTO tb_ans_answers(pos_id,qst_number,ans_text) VALUES('19','36','1');
INSERT INTO tb_ans_answers(pos_id,qst_number,ans_text) VALUES('19','24','0');
INSERT INTO tb_ans_answers(pos_id,qst_number,ans_text) VALUES('19','29','0|');
INSERT INTO tb_ans_answers(pos_id,qst_number,ans_text) VALUES('19','41','0');
INSERT INTO tb_ans_answers(pos_id,qst_number,ans_text) VALUES('19','28','');
INSERT INTO tb_ans_answers(pos_id,qst_number,ans_text) VALUES('19','21','69|');
INSERT INTO tb_ans_answers(pos_id,qst_number,ans_text) VALUES('19','09','0');
INSERT INTO tb_ans_answers(pos_id,qst_number,ans_text) VALUES('19','32b','');
INSERT INTO tb_ans_answers(pos_id,qst_number,ans_text) VALUES('19','47','0');
INSERT INTO tb_ans_answers(pos_id,qst_number,ans_text) VALUES('19','17','1');
INSERT INTO tb_ans_answers(pos_id,qst_number,ans_text) VALUES('19','46c','0');
INSERT INTO tb_ans_answers(pos_id,qst_number,ans_text) VALUES('19','27','');
INSERT INTO tb_ans_answers(pos_id,qst_number,ans_text) VALUES('19','08','10|');
INSERT INTO tb_ans_answers(pos_id,qst_number,ans_text) VALUES('19','14','1');
INSERT INTO tb_ans_answers(pos_id,qst_number,ans_text) VALUES('19','11','');
INSERT INTO tb_ans_answers(pos_id,qst_number,ans_text) VALUES('19','48a','1');
INSERT INTO tb_ans_answers(pos_id,qst_number,ans_text) VALUES('19','12','');
INSERT INTO tb_ans_answers(pos_id,qst_number,ans_text) VALUES('19','46b','1');
INSERT INTO tb_ans_answers(pos_id,qst_number,ans_text) VALUES('19','43','1');
INSERT INTO tb_ans_answers(pos_id,qst_number,ans_text) VALUES('19','30','0');
INSERT INTO tb_ans_answers(pos_id,qst_number,ans_text) VALUES('19','19','63|61|');
INSERT INTO tb_ans_answers(pos_id,qst_number,ans_text) VALUES('19','35','1');
INSERT INTO tb_ans_answers(pos_id,qst_number,ans_text) VALUES('19','13a','0');
INSERT INTO tb_ans_answers(pos_id,qst_number,ans_text) VALUES('19','44','135|');
INSERT INTO tb_ans_answers(pos_id,qst_number,ans_text) VALUES('19','23','0');
INSERT INTO tb_ans_answers(pos_id,qst_number,ans_text) VALUES('19','16','49|47|');
INSERT INTO tb_ans_answers(pos_id,qst_number,ans_text) VALUES('19','01','10');
INSERT INTO tb_ans_answers(pos_id,qst_number,ans_text) VALUES('19','18b','4');
INSERT INTO tb_ans_answers(pos_id,qst_number,ans_text) VALUES('19','26','0');
INSERT INTO tb_ans_answers(pos_id,qst_number,ans_text) VALUES('19','39','1');
INSERT INTO tb_ans_answers(pos_id,qst_number,ans_text) VALUES('19','07','2|');
INSERT INTO tb_ans_answers(pos_id,qst_number,ans_text) VALUES('19','05','41.15888723814001 -8.598219268023968');
INSERT INTO tb_ans_answers(pos_id,qst_number,ans_text) VALUES('19','46a','2');
INSERT INTO tb_ans_answers(pos_id,qst_number,ans_text) VALUES('19','33','0');
INSERT INTO tb_ans_answers(pos_id,qst_number,ans_text) VALUES('19','49c','5');
INSERT INTO tb_ans_answers(pos_id,qst_number,ans_text) VALUES('19','31','0');
INSERT INTO tb_ans_answers(pos_id,qst_number,ans_text) VALUES('19','38','1');
INSERT INTO tb_ans_answers(pos_id,qst_number,ans_text) VALUES('19','15','1');
INSERT INTO tb_ans_answers(pos_id,qst_number,ans_text) VALUES('19','06','');
INSERT INTO tb_ans_answers(pos_id,qst_number,ans_text) VALUES('19','18a','53|');
INSERT INTO tb_ans_answers(pos_id,qst_number,ans_text) VALUES('19','22','2');
INSERT INTO tb_ans_answers(pos_id,qst_number,ans_text) VALUES('19','42','0');
INSERT INTO tb_ans_answers(pos_id,qst_number,ans_text) VALUES('19','37','0');
INSERT INTO tb_ans_answers(pos_id,qst_number,ans_text) VALUES('18','03','3.39');
INSERT INTO tb_ans_answers(pos_id,qst_number,ans_text) VALUES('18','01','11');
INSERT INTO tb_ans_answers(pos_id,qst_number,ans_text) VALUES('18','05','41.15801624551987 -8.629020463314749');
INSERT INTO tb_ans_answers(pos_id,qst_number,ans_text) VALUES('18','20','1');
INSERT INTO tb_ans_answers(pos_id,qst_number,ans_text) VALUES('18','48a','1');
INSERT INTO tb_ans_answers(pos_id,qst_number,ans_text) VALUES('18','34','4');
INSERT INTO tb_ans_answers(pos_id,qst_number,ans_text) VALUES('18','37','0');
INSERT INTO tb_ans_answers(pos_id,qst_number,ans_text) VALUES('18','43','1');
INSERT INTO tb_ans_answers(pos_id,qst_number,ans_text) VALUES('18','26','0');
INSERT INTO tb_ans_answers(pos_id,qst_number,ans_text) VALUES('18','42','1');
INSERT INTO tb_ans_answers(pos_id,qst_number,ans_text) VALUES('18','24','1');
INSERT INTO tb_ans_answers(pos_id,qst_number,ans_text) VALUES('18','35','1');
INSERT INTO tb_ans_answers(pos_id,qst_number,ans_text) VALUES('18','02','Rotunda da Boa Vista, Cedofeita, Porto');
INSERT INTO tb_ans_answers(pos_id,qst_number,ans_text) VALUES('18','12','');
INSERT INTO tb_ans_answers(pos_id,qst_number,ans_text) VALUES('18','46c','0');
INSERT INTO tb_ans_answers(pos_id,qst_number,ans_text) VALUES('18','14','1');
INSERT INTO tb_ans_answers(pos_id,qst_number,ans_text) VALUES('18','07','2|');
INSERT INTO tb_ans_answers(pos_id,qst_number,ans_text) VALUES('18','44','136|135|');
INSERT INTO tb_ans_answers(pos_id,qst_number,ans_text) VALUES('18','38','1');
INSERT INTO tb_ans_answers(pos_id,qst_number,ans_text) VALUES('18','49b','5');
INSERT INTO tb_ans_answers(pos_id,qst_number,ans_text) VALUES('18','27','');
INSERT INTO tb_ans_answers(pos_id,qst_number,ans_text) VALUES('18','13b','251|');
INSERT INTO tb_ans_answers(pos_id,qst_number,ans_text) VALUES('18','33','0');
INSERT INTO tb_ans_answers(pos_id,qst_number,ans_text) VALUES('18','11','');
INSERT INTO tb_ans_answers(pos_id,qst_number,ans_text) VALUES('18','15','3');
INSERT INTO tb_ans_answers(pos_id,qst_number,ans_text) VALUES('18','49a','2');
INSERT INTO tb_ans_answers(pos_id,qst_number,ans_text) VALUES('18','32a','0');
INSERT INTO tb_ans_answers(pos_id,qst_number,ans_text) VALUES('18','18b','2');
INSERT INTO tb_ans_answers(pos_id,qst_number,ans_text) VALUES('18','28','');
INSERT INTO tb_ans_answers(pos_id,qst_number,ans_text) VALUES('18','21','69|');
INSERT INTO tb_ans_answers(pos_id,qst_number,ans_text) VALUES('18','48b','1');
INSERT INTO tb_ans_answers(pos_id,qst_number,ans_text) VALUES('18','08','10|');
INSERT INTO tb_ans_answers(pos_id,qst_number,ans_text) VALUES('18','09','0');
INSERT INTO tb_ans_answers(pos_id,qst_number,ans_text) VALUES('18','13a','1');
INSERT INTO tb_ans_answers(pos_id,qst_number,ans_text) VALUES('18','36','1');
INSERT INTO tb_ans_answers(pos_id,qst_number,ans_text) VALUES('18','46a','2');
INSERT INTO tb_ans_answers(pos_id,qst_number,ans_text) VALUES('18','06','1915');
INSERT INTO tb_ans_answers(pos_id,qst_number,ans_text) VALUES('18','25','1');
INSERT INTO tb_ans_answers(pos_id,qst_number,ans_text) VALUES('18','46b','1');
INSERT INTO tb_ans_answers(pos_id,qst_number,ans_text) VALUES('18','17','0');
INSERT INTO tb_ans_answers(pos_id,qst_number,ans_text) VALUES('18','22','2');
INSERT INTO tb_ans_answers(pos_id,qst_number,ans_text) VALUES('18','39','1');
INSERT INTO tb_ans_answers(pos_id,qst_number,ans_text) VALUES('18','31','0');
INSERT INTO tb_ans_answers(pos_id,qst_number,ans_text) VALUES('18','30','0');
INSERT INTO tb_ans_answers(pos_id,qst_number,ans_text) VALUES('18','19','65|64|61|');
INSERT INTO tb_ans_answers(pos_id,qst_number,ans_text) VALUES('18','47','0');
INSERT INTO tb_ans_answers(pos_id,qst_number,ans_text) VALUES('18','23','1');
INSERT INTO tb_ans_answers(pos_id,qst_number,ans_text) VALUES('18','45','1');
INSERT INTO tb_ans_answers(pos_id,qst_number,ans_text) VALUES('18','04','4100-359');
INSERT INTO tb_ans_answers(pos_id,qst_number,ans_text) VALUES('18','49c','3');
INSERT INTO tb_ans_answers(pos_id,qst_number,ans_text) VALUES('18','29','0|');
INSERT INTO tb_ans_answers(pos_id,qst_number,ans_text) VALUES('18','18a','53|');
INSERT INTO tb_ans_answers(pos_id,qst_number,ans_text) VALUES('18','40','2');
INSERT INTO tb_ans_answers(pos_id,qst_number,ans_text) VALUES('18','10','0');
INSERT INTO tb_ans_answers(pos_id,qst_number,ans_text) VALUES('18','32b','');
INSERT INTO tb_ans_answers(pos_id,qst_number,ans_text) VALUES('18','41','0');
INSERT INTO tb_ans_answers(pos_id,qst_number,ans_text) VALUES('18','16','46|252|');
INSERT INTO tb_ans_answers(pos_id,qst_number,ans_text) VALUES('33','24','0');
INSERT INTO tb_ans_answers(pos_id,qst_number,ans_text) VALUES('33','32b','3');
INSERT INTO tb_ans_answers(pos_id,qst_number,ans_text) VALUES('33','09','0');
INSERT INTO tb_ans_answers(pos_id,qst_number,ans_text) VALUES('33','39','0');
INSERT INTO tb_ans_answers(pos_id,qst_number,ans_text) VALUES('33','44','135|');
INSERT INTO tb_ans_answers(pos_id,qst_number,ans_text) VALUES('33','36','1');
INSERT INTO tb_ans_answers(pos_id,qst_number,ans_text) VALUES('33','45','1');
INSERT INTO tb_ans_answers(pos_id,qst_number,ans_text) VALUES('33','13b','');
INSERT INTO tb_ans_answers(pos_id,qst_number,ans_text) VALUES('33','02','Rua de Sarah Afonso, Ramalde, Porto');
INSERT INTO tb_ans_answers(pos_id,qst_number,ans_text) VALUES('33','06','2007');
INSERT INTO tb_ans_answers(pos_id,qst_number,ans_text) VALUES('33','27','');
INSERT INTO tb_ans_answers(pos_id,qst_number,ans_text) VALUES('33','23','0');
INSERT INTO tb_ans_answers(pos_id,qst_number,ans_text) VALUES('33','07','2|');
INSERT INTO tb_ans_answers(pos_id,qst_number,ans_text) VALUES('33','11','');
INSERT INTO tb_ans_answers(pos_id,qst_number,ans_text) VALUES('33','47','1');
INSERT INTO tb_ans_answers(pos_id,qst_number,ans_text) VALUES('33','19','63|61|');
INSERT INTO tb_ans_answers(pos_id,qst_number,ans_text) VALUES('33','03','1.38');
INSERT INTO tb_ans_answers(pos_id,qst_number,ans_text) VALUES('33','13a','0');
INSERT INTO tb_ans_answers(pos_id,qst_number,ans_text) VALUES('33','41','0');
INSERT INTO tb_ans_answers(pos_id,qst_number,ans_text) VALUES('33','48a','');
INSERT INTO tb_ans_answers(pos_id,qst_number,ans_text) VALUES('33','40','');
INSERT INTO tb_ans_answers(pos_id,qst_number,ans_text) VALUES('33','35','1');
INSERT INTO tb_ans_answers(pos_id,qst_number,ans_text) VALUES('33','37','0');
INSERT INTO tb_ans_answers(pos_id,qst_number,ans_text) VALUES('33','48b','');
INSERT INTO tb_ans_answers(pos_id,qst_number,ans_text) VALUES('33','21','69|');
INSERT INTO tb_ans_answers(pos_id,qst_number,ans_text) VALUES('33','18b','4');
INSERT INTO tb_ans_answers(pos_id,qst_number,ans_text) VALUES('33','31','0');
INSERT INTO tb_ans_answers(pos_id,qst_number,ans_text) VALUES('33','28','');
INSERT INTO tb_ans_answers(pos_id,qst_number,ans_text) VALUES('33','26','0');
INSERT INTO tb_ans_answers(pos_id,qst_number,ans_text) VALUES('33','42','0');
INSERT INTO tb_ans_answers(pos_id,qst_number,ans_text) VALUES('33','46a','1');
INSERT INTO tb_ans_answers(pos_id,qst_number,ans_text) VALUES('33','46c','0');
INSERT INTO tb_ans_answers(pos_id,qst_number,ans_text) VALUES('33','17','0');
INSERT INTO tb_ans_answers(pos_id,qst_number,ans_text) VALUES('33','32a','1');
INSERT INTO tb_ans_answers(pos_id,qst_number,ans_text) VALUES('33','49a','3');
INSERT INTO tb_ans_answers(pos_id,qst_number,ans_text) VALUES('33','49c','3');
INSERT INTO tb_ans_answers(pos_id,qst_number,ans_text) VALUES('33','38','1');
INSERT INTO tb_ans_answers(pos_id,qst_number,ans_text) VALUES('33','43','1');
INSERT INTO tb_ans_answers(pos_id,qst_number,ans_text) VALUES('33','16','48|46|');
INSERT INTO tb_ans_answers(pos_id,qst_number,ans_text) VALUES('33','14','1');
INSERT INTO tb_ans_answers(pos_id,qst_number,ans_text) VALUES('33','04','4250-446');
INSERT INTO tb_ans_answers(pos_id,qst_number,ans_text) VALUES('33','01','12');
INSERT INTO tb_ans_answers(pos_id,qst_number,ans_text) VALUES('33','15','2');
INSERT INTO tb_ans_answers(pos_id,qst_number,ans_text) VALUES('33','34','4');
INSERT INTO tb_ans_answers(pos_id,qst_number,ans_text) VALUES('33','46b','1');
INSERT INTO tb_ans_answers(pos_id,qst_number,ans_text) VALUES('33','49b','3');
INSERT INTO tb_ans_answers(pos_id,qst_number,ans_text) VALUES('33','20','1');
INSERT INTO tb_ans_answers(pos_id,qst_number,ans_text) VALUES('33','33','0');
INSERT INTO tb_ans_answers(pos_id,qst_number,ans_text) VALUES('33','12','');
INSERT INTO tb_ans_answers(pos_id,qst_number,ans_text) VALUES('33','30','0');
INSERT INTO tb_ans_answers(pos_id,qst_number,ans_text) VALUES('33','29','0|');
INSERT INTO tb_ans_answers(pos_id,qst_number,ans_text) VALUES('33','22','2');
INSERT INTO tb_ans_answers(pos_id,qst_number,ans_text) VALUES('33','05','41.17236450003655 -8.636226877570152');
INSERT INTO tb_ans_answers(pos_id,qst_number,ans_text) VALUES('33','25','1');
INSERT INTO tb_ans_answers(pos_id,qst_number,ans_text) VALUES('33','18a','53|');
INSERT INTO tb_ans_answers(pos_id,qst_number,ans_text) VALUES('33','08','10|');
INSERT INTO tb_ans_answers(pos_id,qst_number,ans_text) VALUES('33','10','0');
INSERT INTO tb_ans_answers(pos_id,qst_number,ans_text) VALUES('6','49c','5');
INSERT INTO tb_ans_answers(pos_id,qst_number,ans_text) VALUES('6','48a','');
INSERT INTO tb_ans_answers(pos_id,qst_number,ans_text) VALUES('6','16','48|46|');
INSERT INTO tb_ans_answers(pos_id,qst_number,ans_text) VALUES('6','36','1');
INSERT INTO tb_ans_answers(pos_id,qst_number,ans_text) VALUES('6','15','1');
INSERT INTO tb_ans_answers(pos_id,qst_number,ans_text) VALUES('6','28','96|');
INSERT INTO tb_ans_answers(pos_id,qst_number,ans_text) VALUES('6','13a','0');
INSERT INTO tb_ans_answers(pos_id,qst_number,ans_text) VALUES('6','09','0');
INSERT INTO tb_ans_answers(pos_id,qst_number,ans_text) VALUES('6','45','1');
INSERT INTO tb_ans_answers(pos_id,qst_number,ans_text) VALUES('6','08','17|13|10|');
INSERT INTO tb_ans_answers(pos_id,qst_number,ans_text) VALUES('6','17','1');
INSERT INTO tb_ans_answers(pos_id,qst_number,ans_text) VALUES('6','01','14');
INSERT INTO tb_ans_answers(pos_id,qst_number,ans_text) VALUES('6','27','92|90|88|87|86|85|254|');
INSERT INTO tb_ans_answers(pos_id,qst_number,ans_text) VALUES('6','46b','1');
INSERT INTO tb_ans_answers(pos_id,qst_number,ans_text) VALUES('6','42','1');
INSERT INTO tb_ans_answers(pos_id,qst_number,ans_text) VALUES('6','23','0');
INSERT INTO tb_ans_answers(pos_id,qst_number,ans_text) VALUES('6','25','0');
INSERT INTO tb_ans_answers(pos_id,qst_number,ans_text) VALUES('6','18b','3');
INSERT INTO tb_ans_answers(pos_id,qst_number,ans_text) VALUES('6','06','');
INSERT INTO tb_ans_answers(pos_id,qst_number,ans_text) VALUES('6','32a','0');
INSERT INTO tb_ans_answers(pos_id,qst_number,ans_text) VALUES('6','34','4');
INSERT INTO tb_ans_answers(pos_id,qst_number,ans_text) VALUES('6','40','');
INSERT INTO tb_ans_answers(pos_id,qst_number,ans_text) VALUES('6','38','1');
INSERT INTO tb_ans_answers(pos_id,qst_number,ans_text) VALUES('6','04','4350-419');
INSERT INTO tb_ans_answers(pos_id,qst_number,ans_text) VALUES('6','44','135|');
INSERT INTO tb_ans_answers(pos_id,qst_number,ans_text) VALUES('6','35','1');
INSERT INTO tb_ans_answers(pos_id,qst_number,ans_text) VALUES('6','02','Rua de Arroios, Campanhã, Porto');
INSERT INTO tb_ans_answers(pos_id,qst_number,ans_text) VALUES('6','46c','0');
INSERT INTO tb_ans_answers(pos_id,qst_number,ans_text) VALUES('6','33','0');
INSERT INTO tb_ans_answers(pos_id,qst_number,ans_text) VALUES('6','49a','3');
INSERT INTO tb_ans_answers(pos_id,qst_number,ans_text) VALUES('6','43','1');
INSERT INTO tb_ans_answers(pos_id,qst_number,ans_text) VALUES('6','47','1');
INSERT INTO tb_ans_answers(pos_id,qst_number,ans_text) VALUES('6','05','41.172367151538914 -8.583995718508959');
INSERT INTO tb_ans_answers(pos_id,qst_number,ans_text) VALUES('6','21','69|');
INSERT INTO tb_ans_answers(pos_id,qst_number,ans_text) VALUES('6','30','0');
INSERT INTO tb_ans_answers(pos_id,qst_number,ans_text) VALUES('6','11','');
INSERT INTO tb_ans_answers(pos_id,qst_number,ans_text) VALUES('6','14','1');
INSERT INTO tb_ans_answers(pos_id,qst_number,ans_text) VALUES('6','12','');
INSERT INTO tb_ans_answers(pos_id,qst_number,ans_text) VALUES('6','22','1');
INSERT INTO tb_ans_answers(pos_id,qst_number,ans_text) VALUES('6','37','0');
INSERT INTO tb_ans_answers(pos_id,qst_number,ans_text) VALUES('6','48b','');
INSERT INTO tb_ans_answers(pos_id,qst_number,ans_text) VALUES('6','26','1');
INSERT INTO tb_ans_answers(pos_id,qst_number,ans_text) VALUES('6','31','1');
INSERT INTO tb_ans_answers(pos_id,qst_number,ans_text) VALUES('6','18a','53|');
INSERT INTO tb_ans_answers(pos_id,qst_number,ans_text) VALUES('6','07','2|1|');
INSERT INTO tb_ans_answers(pos_id,qst_number,ans_text) VALUES('6','29','1|3|');
INSERT INTO tb_ans_answers(pos_id,qst_number,ans_text) VALUES('6','13b','');
INSERT INTO tb_ans_answers(pos_id,qst_number,ans_text) VALUES('6','10','0');
INSERT INTO tb_ans_answers(pos_id,qst_number,ans_text) VALUES('6','41','0');
INSERT INTO tb_ans_answers(pos_id,qst_number,ans_text) VALUES('6','19','63|61|');
INSERT INTO tb_ans_answers(pos_id,qst_number,ans_text) VALUES('6','20','1');
INSERT INTO tb_ans_answers(pos_id,qst_number,ans_text) VALUES('6','49b','1');
INSERT INTO tb_ans_answers(pos_id,qst_number,ans_text) VALUES('6','03','0.28');
INSERT INTO tb_ans_answers(pos_id,qst_number,ans_text) VALUES('6','39','0');
INSERT INTO tb_ans_answers(pos_id,qst_number,ans_text) VALUES('6','32b','');
INSERT INTO tb_ans_answers(pos_id,qst_number,ans_text) VALUES('6','24','0');
INSERT INTO tb_ans_answers(pos_id,qst_number,ans_text) VALUES('6','46a','1');
INSERT INTO tb_ans_answers(pos_id,qst_number,ans_text) VALUES('2','03','0.64');
INSERT INTO tb_ans_answers(pos_id,qst_number,ans_text) VALUES('2','32b','1');
INSERT INTO tb_ans_answers(pos_id,qst_number,ans_text) VALUES('2','45','1');
INSERT INTO tb_ans_answers(pos_id,qst_number,ans_text) VALUES('2','46a','1');
INSERT INTO tb_ans_answers(pos_id,qst_number,ans_text) VALUES('2','24','0');
INSERT INTO tb_ans_answers(pos_id,qst_number,ans_text) VALUES('2','44','135|134|');
INSERT INTO tb_ans_answers(pos_id,qst_number,ans_text) VALUES('2','11','24|');
INSERT INTO tb_ans_answers(pos_id,qst_number,ans_text) VALUES('2','16','49|');
INSERT INTO tb_ans_answers(pos_id,qst_number,ans_text) VALUES('2','48a','1');
INSERT INTO tb_ans_answers(pos_id,qst_number,ans_text) VALUES('2','18a','53|');
INSERT INTO tb_ans_answers(pos_id,qst_number,ans_text) VALUES('2','12','1');
INSERT INTO tb_ans_answers(pos_id,qst_number,ans_text) VALUES('2','06','1897');
INSERT INTO tb_ans_answers(pos_id,qst_number,ans_text) VALUES('2','41','0');
INSERT INTO tb_ans_answers(pos_id,qst_number,ans_text) VALUES('2','42','0');
INSERT INTO tb_ans_answers(pos_id,qst_number,ans_text) VALUES('2','32a','1');
INSERT INTO tb_ans_answers(pos_id,qst_number,ans_text) VALUES('2','15','1');
INSERT INTO tb_ans_answers(pos_id,qst_number,ans_text) VALUES('2','34','4');
INSERT INTO tb_ans_answers(pos_id,qst_number,ans_text) VALUES('2','47','0');
INSERT INTO tb_ans_answers(pos_id,qst_number,ans_text) VALUES('2','25','0');
INSERT INTO tb_ans_answers(pos_id,qst_number,ans_text) VALUES('2','48b','1');
INSERT INTO tb_ans_answers(pos_id,qst_number,ans_text) VALUES('2','21','69|');
INSERT INTO tb_ans_answers(pos_id,qst_number,ans_text) VALUES('2','23','1');
INSERT INTO tb_ans_answers(pos_id,qst_number,ans_text) VALUES('2','20','1');
INSERT INTO tb_ans_answers(pos_id,qst_number,ans_text) VALUES('2','09','0');
INSERT INTO tb_ans_answers(pos_id,qst_number,ans_text) VALUES('2','29','0|');
INSERT INTO tb_ans_answers(pos_id,qst_number,ans_text) VALUES('2','39','1');
INSERT INTO tb_ans_answers(pos_id,qst_number,ans_text) VALUES('2','18b','2');
INSERT INTO tb_ans_answers(pos_id,qst_number,ans_text) VALUES('2','37','0');
INSERT INTO tb_ans_answers(pos_id,qst_number,ans_text) VALUES('2','49b','5');
INSERT INTO tb_ans_answers(pos_id,qst_number,ans_text) VALUES('2','49c','5');
INSERT INTO tb_ans_answers(pos_id,qst_number,ans_text) VALUES('2','26','0');
INSERT INTO tb_ans_answers(pos_id,qst_number,ans_text) VALUES('2','27','');
INSERT INTO tb_ans_answers(pos_id,qst_number,ans_text) VALUES('2','31','0');
INSERT INTO tb_ans_answers(pos_id,qst_number,ans_text) VALUES('2','04','4050-652');
INSERT INTO tb_ans_answers(pos_id,qst_number,ans_text) VALUES('2','36','1');
INSERT INTO tb_ans_answers(pos_id,qst_number,ans_text) VALUES('2','28','');
INSERT INTO tb_ans_answers(pos_id,qst_number,ans_text) VALUES('2','13b','38|34|');
INSERT INTO tb_ans_answers(pos_id,qst_number,ans_text) VALUES('2','46b','1');
INSERT INTO tb_ans_answers(pos_id,qst_number,ans_text) VALUES('2','08','10|');
INSERT INTO tb_ans_answers(pos_id,qst_number,ans_text) VALUES('2','13a','1');
INSERT INTO tb_ans_answers(pos_id,qst_number,ans_text) VALUES('2','33','0');
INSERT INTO tb_ans_answers(pos_id,qst_number,ans_text) VALUES('2','35','1');
INSERT INTO tb_ans_answers(pos_id,qst_number,ans_text) VALUES('2','46c','0');
INSERT INTO tb_ans_answers(pos_id,qst_number,ans_text) VALUES('2','22','2');
INSERT INTO tb_ans_answers(pos_id,qst_number,ans_text) VALUES('2','01','15');
INSERT INTO tb_ans_answers(pos_id,qst_number,ans_text) VALUES('2','17','1');
INSERT INTO tb_ans_answers(pos_id,qst_number,ans_text) VALUES('2','38','1');
INSERT INTO tb_ans_answers(pos_id,qst_number,ans_text) VALUES('2','14','1');
INSERT INTO tb_ans_answers(pos_id,qst_number,ans_text) VALUES('2','19','65|63|62|');
INSERT INTO tb_ans_answers(pos_id,qst_number,ans_text) VALUES('2','05','41.14828413272235 -8.619059063494205');
INSERT INTO tb_ans_answers(pos_id,qst_number,ans_text) VALUES('2','30','0');
INSERT INTO tb_ans_answers(pos_id,qst_number,ans_text) VALUES('2','10','1');
INSERT INTO tb_ans_answers(pos_id,qst_number,ans_text) VALUES('2','49a','2');
INSERT INTO tb_ans_answers(pos_id,qst_number,ans_text) VALUES('2','43','1');
INSERT INTO tb_ans_answers(pos_id,qst_number,ans_text) VALUES('2','40','1');
INSERT INTO tb_ans_answers(pos_id,qst_number,ans_text) VALUES('2','02','Rua de Clemente Menezes, Miragaia, Porto');
INSERT INTO tb_ans_answers(pos_id,qst_number,ans_text) VALUES('2','07','2|');
INSERT INTO tb_ans_answers(pos_id,qst_number,ans_text) VALUES('28','44','135|134|');
INSERT INTO tb_ans_answers(pos_id,qst_number,ans_text) VALUES('28','24','0');
INSERT INTO tb_ans_answers(pos_id,qst_number,ans_text) VALUES('28','46b','1');
INSERT INTO tb_ans_answers(pos_id,qst_number,ans_text) VALUES('28','02','Alameda Eça de Queiroz, Bonfim, Porto');
INSERT INTO tb_ans_answers(pos_id,qst_number,ans_text) VALUES('28','38','1');
INSERT INTO tb_ans_answers(pos_id,qst_number,ans_text) VALUES('28','09','0');
INSERT INTO tb_ans_answers(pos_id,qst_number,ans_text) VALUES('28','35','1');
INSERT INTO tb_ans_answers(pos_id,qst_number,ans_text) VALUES('28','30','0');
INSERT INTO tb_ans_answers(pos_id,qst_number,ans_text) VALUES('28','07','2|');
INSERT INTO tb_ans_answers(pos_id,qst_number,ans_text) VALUES('28','05','41.16322770042886 -8.59665373340249');
INSERT INTO tb_ans_answers(pos_id,qst_number,ans_text) VALUES('28','34','4');
INSERT INTO tb_ans_answers(pos_id,qst_number,ans_text) VALUES('28','13a','1');
INSERT INTO tb_ans_answers(pos_id,qst_number,ans_text) VALUES('28','49b','5');
INSERT INTO tb_ans_answers(pos_id,qst_number,ans_text) VALUES('28','31','0');
INSERT INTO tb_ans_answers(pos_id,qst_number,ans_text) VALUES('28','13b','255|256|');
INSERT INTO tb_ans_answers(pos_id,qst_number,ans_text) VALUES('28','16','46|');
INSERT INTO tb_ans_answers(pos_id,qst_number,ans_text) VALUES('28','32b','2');
INSERT INTO tb_ans_answers(pos_id,qst_number,ans_text) VALUES('28','41','0');
INSERT INTO tb_ans_answers(pos_id,qst_number,ans_text) VALUES('28','27','88|87|86|85|');
INSERT INTO tb_ans_answers(pos_id,qst_number,ans_text) VALUES('28','06','2007');
INSERT INTO tb_ans_answers(pos_id,qst_number,ans_text) VALUES('28','18b','3');
INSERT INTO tb_ans_answers(pos_id,qst_number,ans_text) VALUES('28','10','0');
INSERT INTO tb_ans_answers(pos_id,qst_number,ans_text) VALUES('28','32a','1');
INSERT INTO tb_ans_answers(pos_id,qst_number,ans_text) VALUES('28','45','1');
INSERT INTO tb_ans_answers(pos_id,qst_number,ans_text) VALUES('28','29','1|1|');
INSERT INTO tb_ans_answers(pos_id,qst_number,ans_text) VALUES('28','08','17|10|');
INSERT INTO tb_ans_answers(pos_id,qst_number,ans_text) VALUES('28','20','1');
INSERT INTO tb_ans_answers(pos_id,qst_number,ans_text) VALUES('28','03','0.46');
INSERT INTO tb_ans_answers(pos_id,qst_number,ans_text) VALUES('28','11','');
INSERT INTO tb_ans_answers(pos_id,qst_number,ans_text) VALUES('28','46c','0');
INSERT INTO tb_ans_answers(pos_id,qst_number,ans_text) VALUES('28','26','1');
INSERT INTO tb_ans_answers(pos_id,qst_number,ans_text) VALUES('28','17','1');
INSERT INTO tb_ans_answers(pos_id,qst_number,ans_text) VALUES('28','42','0');
INSERT INTO tb_ans_answers(pos_id,qst_number,ans_text) VALUES('28','15','1');
INSERT INTO tb_ans_answers(pos_id,qst_number,ans_text) VALUES('28','39','0');
INSERT INTO tb_ans_answers(pos_id,qst_number,ans_text) VALUES('28','33','0');
INSERT INTO tb_ans_answers(pos_id,qst_number,ans_text) VALUES('28','37','0');
INSERT INTO tb_ans_answers(pos_id,qst_number,ans_text) VALUES('28','36','1');
INSERT INTO tb_ans_answers(pos_id,qst_number,ans_text) VALUES('28','48b','');
INSERT INTO tb_ans_answers(pos_id,qst_number,ans_text) VALUES('28','25','1');
INSERT INTO tb_ans_answers(pos_id,qst_number,ans_text) VALUES('28','12','');
INSERT INTO tb_ans_answers(pos_id,qst_number,ans_text) VALUES('28','19','63|61|');
INSERT INTO tb_ans_answers(pos_id,qst_number,ans_text) VALUES('28','49c','5');
INSERT INTO tb_ans_answers(pos_id,qst_number,ans_text) VALUES('28','23','1');
INSERT INTO tb_ans_answers(pos_id,qst_number,ans_text) VALUES('28','14','1');
INSERT INTO tb_ans_answers(pos_id,qst_number,ans_text) VALUES('28','04','4200-274');
INSERT INTO tb_ans_answers(pos_id,qst_number,ans_text) VALUES('28','22','1');
INSERT INTO tb_ans_answers(pos_id,qst_number,ans_text) VALUES('28','47','1');
INSERT INTO tb_ans_answers(pos_id,qst_number,ans_text) VALUES('28','21','69|');
INSERT INTO tb_ans_answers(pos_id,qst_number,ans_text) VALUES('28','18a','53|');
INSERT INTO tb_ans_answers(pos_id,qst_number,ans_text) VALUES('28','01','16');
INSERT INTO tb_ans_answers(pos_id,qst_number,ans_text) VALUES('28','28','96|');
INSERT INTO tb_ans_answers(pos_id,qst_number,ans_text) VALUES('28','40','');
INSERT INTO tb_ans_answers(pos_id,qst_number,ans_text) VALUES('28','43','1');
INSERT INTO tb_ans_answers(pos_id,qst_number,ans_text) VALUES('28','48a','');
INSERT INTO tb_ans_answers(pos_id,qst_number,ans_text) VALUES('28','49a','2');
INSERT INTO tb_ans_answers(pos_id,qst_number,ans_text) VALUES('28','46a','1');
INSERT INTO tb_ans_answers(pos_id,qst_number,ans_text) VALUES('11','43','1');
INSERT INTO tb_ans_answers(pos_id,qst_number,ans_text) VALUES('11','46c','0');
INSERT INTO tb_ans_answers(pos_id,qst_number,ans_text) VALUES('11','35','1');
INSERT INTO tb_ans_answers(pos_id,qst_number,ans_text) VALUES('11','20','1');
INSERT INTO tb_ans_answers(pos_id,qst_number,ans_text) VALUES('11','31','0');
INSERT INTO tb_ans_answers(pos_id,qst_number,ans_text) VALUES('11','22','2');
INSERT INTO tb_ans_answers(pos_id,qst_number,ans_text) VALUES('11','32a','1');
INSERT INTO tb_ans_answers(pos_id,qst_number,ans_text) VALUES('11','47','0');
INSERT INTO tb_ans_answers(pos_id,qst_number,ans_text) VALUES('11','30','0');
INSERT INTO tb_ans_answers(pos_id,qst_number,ans_text) VALUES('11','44','136|135|');
INSERT INTO tb_ans_answers(pos_id,qst_number,ans_text) VALUES('11','48b','1');
INSERT INTO tb_ans_answers(pos_id,qst_number,ans_text) VALUES('11','32b','2');
INSERT INTO tb_ans_answers(pos_id,qst_number,ans_text) VALUES('11','15','1');
INSERT INTO tb_ans_answers(pos_id,qst_number,ans_text) VALUES('11','19','61|');
INSERT INTO tb_ans_answers(pos_id,qst_number,ans_text) VALUES('11','38','1');
INSERT INTO tb_ans_answers(pos_id,qst_number,ans_text) VALUES('11','41','0');
INSERT INTO tb_ans_answers(pos_id,qst_number,ans_text) VALUES('11','07','2|1|');
INSERT INTO tb_ans_answers(pos_id,qst_number,ans_text) VALUES('11','45','1');
INSERT INTO tb_ans_answers(pos_id,qst_number,ans_text) VALUES('11','21','69|');
INSERT INTO tb_ans_answers(pos_id,qst_number,ans_text) VALUES('11','36','1');
INSERT INTO tb_ans_answers(pos_id,qst_number,ans_text) VALUES('11','26','0');
INSERT INTO tb_ans_answers(pos_id,qst_number,ans_text) VALUES('11','17','0');
INSERT INTO tb_ans_answers(pos_id,qst_number,ans_text) VALUES('11','49b','1');
INSERT INTO tb_ans_answers(pos_id,qst_number,ans_text) VALUES('11','18a','54|53|');
INSERT INTO tb_ans_answers(pos_id,qst_number,ans_text) VALUES('11','04','4150-078');
INSERT INTO tb_ans_answers(pos_id,qst_number,ans_text) VALUES('11','27','');
INSERT INTO tb_ans_answers(pos_id,qst_number,ans_text) VALUES('11','13b','38|36|257|258|');
INSERT INTO tb_ans_answers(pos_id,qst_number,ans_text) VALUES('11','02','Rua do Ouro, Lordelo do Ouro, Porto');
INSERT INTO tb_ans_answers(pos_id,qst_number,ans_text) VALUES('11','18b','4');
INSERT INTO tb_ans_answers(pos_id,qst_number,ans_text) VALUES('11','05','41.14781119250433 -8.65456015935966');
INSERT INTO tb_ans_answers(pos_id,qst_number,ans_text) VALUES('11','48a','1');
INSERT INTO tb_ans_answers(pos_id,qst_number,ans_text) VALUES('11','46b','2');
INSERT INTO tb_ans_answers(pos_id,qst_number,ans_text) VALUES('11','25','0');
INSERT INTO tb_ans_answers(pos_id,qst_number,ans_text) VALUES('11','09','1');
INSERT INTO tb_ans_answers(pos_id,qst_number,ans_text) VALUES('11','12','');
INSERT INTO tb_ans_answers(pos_id,qst_number,ans_text) VALUES('11','10','0');
INSERT INTO tb_ans_answers(pos_id,qst_number,ans_text) VALUES('11','08','13|11|10|');
INSERT INTO tb_ans_answers(pos_id,qst_number,ans_text) VALUES('11','28','');
INSERT INTO tb_ans_answers(pos_id,qst_number,ans_text) VALUES('11','16','47|');
INSERT INTO tb_ans_answers(pos_id,qst_number,ans_text) VALUES('11','13a','1');
INSERT INTO tb_ans_answers(pos_id,qst_number,ans_text) VALUES('11','11','');
INSERT INTO tb_ans_answers(pos_id,qst_number,ans_text) VALUES('11','49a','1');
INSERT INTO tb_ans_answers(pos_id,qst_number,ans_text) VALUES('11','06','1960');
INSERT INTO tb_ans_answers(pos_id,qst_number,ans_text) VALUES('11','24','1');
INSERT INTO tb_ans_answers(pos_id,qst_number,ans_text) VALUES('11','03','2.42');
INSERT INTO tb_ans_answers(pos_id,qst_number,ans_text) VALUES('11','14','1');
INSERT INTO tb_ans_answers(pos_id,qst_number,ans_text) VALUES('11','46a','2');
INSERT INTO tb_ans_answers(pos_id,qst_number,ans_text) VALUES('11','49c','1');
INSERT INTO tb_ans_answers(pos_id,qst_number,ans_text) VALUES('11','40','');
INSERT INTO tb_ans_answers(pos_id,qst_number,ans_text) VALUES('11','01','17');
INSERT INTO tb_ans_answers(pos_id,qst_number,ans_text) VALUES('11','29','0|');
INSERT INTO tb_ans_answers(pos_id,qst_number,ans_text) VALUES('11','33','0');
INSERT INTO tb_ans_answers(pos_id,qst_number,ans_text) VALUES('11','34','4');
INSERT INTO tb_ans_answers(pos_id,qst_number,ans_text) VALUES('11','42','0');
INSERT INTO tb_ans_answers(pos_id,qst_number,ans_text) VALUES('11','39','0');
INSERT INTO tb_ans_answers(pos_id,qst_number,ans_text) VALUES('11','23','1');
INSERT INTO tb_ans_answers(pos_id,qst_number,ans_text) VALUES('11','37','0');
INSERT INTO tb_ans_answers(pos_id,qst_number,ans_text) VALUES('10','31','0');
INSERT INTO tb_ans_answers(pos_id,qst_number,ans_text) VALUES('10','26','0');
INSERT INTO tb_ans_answers(pos_id,qst_number,ans_text) VALUES('10','36','1');
INSERT INTO tb_ans_answers(pos_id,qst_number,ans_text) VALUES('10','02','Rua do Passeio Alegre, Foz do Douro, Porto');
INSERT INTO tb_ans_answers(pos_id,qst_number,ans_text) VALUES('10','25','0');
INSERT INTO tb_ans_answers(pos_id,qst_number,ans_text) VALUES('10','49b','5');
INSERT INTO tb_ans_answers(pos_id,qst_number,ans_text) VALUES('10','45','1');
INSERT INTO tb_ans_answers(pos_id,qst_number,ans_text) VALUES('10','38','1');
INSERT INTO tb_ans_answers(pos_id,qst_number,ans_text) VALUES('10','39','0');
INSERT INTO tb_ans_answers(pos_id,qst_number,ans_text) VALUES('10','30','0');
INSERT INTO tb_ans_answers(pos_id,qst_number,ans_text) VALUES('10','42','0');
INSERT INTO tb_ans_answers(pos_id,qst_number,ans_text) VALUES('10','27','');
INSERT INTO tb_ans_answers(pos_id,qst_number,ans_text) VALUES('10','16','49|48|46|');
INSERT INTO tb_ans_answers(pos_id,qst_number,ans_text) VALUES('10','17','1');
INSERT INTO tb_ans_answers(pos_id,qst_number,ans_text) VALUES('10','22','2');
INSERT INTO tb_ans_answers(pos_id,qst_number,ans_text) VALUES('10','32a','1');
INSERT INTO tb_ans_answers(pos_id,qst_number,ans_text) VALUES('10','09','1');
INSERT INTO tb_ans_answers(pos_id,qst_number,ans_text) VALUES('10','47','0');
INSERT INTO tb_ans_answers(pos_id,qst_number,ans_text) VALUES('10','08','10|');
INSERT INTO tb_ans_answers(pos_id,qst_number,ans_text) VALUES('10','29','0|');
INSERT INTO tb_ans_answers(pos_id,qst_number,ans_text) VALUES('10','48a','1');
INSERT INTO tb_ans_answers(pos_id,qst_number,ans_text) VALUES('10','18b','1');
INSERT INTO tb_ans_answers(pos_id,qst_number,ans_text) VALUES('10','14','1');
INSERT INTO tb_ans_answers(pos_id,qst_number,ans_text) VALUES('10','40','');
INSERT INTO tb_ans_answers(pos_id,qst_number,ans_text) VALUES('10','34','1');
INSERT INTO tb_ans_answers(pos_id,qst_number,ans_text) VALUES('10','48b','0');
INSERT INTO tb_ans_answers(pos_id,qst_number,ans_text) VALUES('10','03','4.06');
INSERT INTO tb_ans_answers(pos_id,qst_number,ans_text) VALUES('10','06','1900');
INSERT INTO tb_ans_answers(pos_id,qst_number,ans_text) VALUES('10','23','0');
INSERT INTO tb_ans_answers(pos_id,qst_number,ans_text) VALUES('10','07','2|');
INSERT INTO tb_ans_answers(pos_id,qst_number,ans_text) VALUES('10','13a','1');
INSERT INTO tb_ans_answers(pos_id,qst_number,ans_text) VALUES('10','18a','53|');
INSERT INTO tb_ans_answers(pos_id,qst_number,ans_text) VALUES('10','05','41.148260399515074 -8.671503588557243');
INSERT INTO tb_ans_answers(pos_id,qst_number,ans_text) VALUES('10','01','18');
INSERT INTO tb_ans_answers(pos_id,qst_number,ans_text) VALUES('10','32b','2');
INSERT INTO tb_ans_answers(pos_id,qst_number,ans_text) VALUES('10','43','1');
INSERT INTO tb_ans_answers(pos_id,qst_number,ans_text) VALUES('10','20','1');
INSERT INTO tb_ans_answers(pos_id,qst_number,ans_text) VALUES('10','33','1');
INSERT INTO tb_ans_answers(pos_id,qst_number,ans_text) VALUES('10','37','0');
INSERT INTO tb_ans_answers(pos_id,qst_number,ans_text) VALUES('10','15','3');
INSERT INTO tb_ans_answers(pos_id,qst_number,ans_text) VALUES('10','44','135|134|');
INSERT INTO tb_ans_answers(pos_id,qst_number,ans_text) VALUES('10','46b','1');
INSERT INTO tb_ans_answers(pos_id,qst_number,ans_text) VALUES('10','04','4150-569');
INSERT INTO tb_ans_answers(pos_id,qst_number,ans_text) VALUES('10','24','0');
INSERT INTO tb_ans_answers(pos_id,qst_number,ans_text) VALUES('10','49a','2');
INSERT INTO tb_ans_answers(pos_id,qst_number,ans_text) VALUES('10','46a','2');
INSERT INTO tb_ans_answers(pos_id,qst_number,ans_text) VALUES('10','13b','36|262|263|');
INSERT INTO tb_ans_answers(pos_id,qst_number,ans_text) VALUES('10','10','1');
INSERT INTO tb_ans_answers(pos_id,qst_number,ans_text) VALUES('10','12','1');
INSERT INTO tb_ans_answers(pos_id,qst_number,ans_text) VALUES('10','41','0');
INSERT INTO tb_ans_answers(pos_id,qst_number,ans_text) VALUES('10','11','25|24|');
INSERT INTO tb_ans_answers(pos_id,qst_number,ans_text) VALUES('10','28','');
INSERT INTO tb_ans_answers(pos_id,qst_number,ans_text) VALUES('10','35','1');
INSERT INTO tb_ans_answers(pos_id,qst_number,ans_text) VALUES('10','21','69|');
INSERT INTO tb_ans_answers(pos_id,qst_number,ans_text) VALUES('10','49c','3');
INSERT INTO tb_ans_answers(pos_id,qst_number,ans_text) VALUES('10','19','64|61|264|');
INSERT INTO tb_ans_answers(pos_id,qst_number,ans_text) VALUES('10','46c','0');
INSERT INTO tb_ans_answers(pos_id,qst_number,ans_text) VALUES('17','32a','1');
INSERT INTO tb_ans_answers(pos_id,qst_number,ans_text) VALUES('17','32b','3');
INSERT INTO tb_ans_answers(pos_id,qst_number,ans_text) VALUES('17','45','1');
INSERT INTO tb_ans_answers(pos_id,qst_number,ans_text) VALUES('17','36','1');
INSERT INTO tb_ans_answers(pos_id,qst_number,ans_text) VALUES('17','27','');
INSERT INTO tb_ans_answers(pos_id,qst_number,ans_text) VALUES('17','49c','3');
INSERT INTO tb_ans_answers(pos_id,qst_number,ans_text) VALUES('17','22','2');
INSERT INTO tb_ans_answers(pos_id,qst_number,ans_text) VALUES('17','28','');
INSERT INTO tb_ans_answers(pos_id,qst_number,ans_text) VALUES('17','49b','5');
INSERT INTO tb_ans_answers(pos_id,qst_number,ans_text) VALUES('17','16','48|46|');
INSERT INTO tb_ans_answers(pos_id,qst_number,ans_text) VALUES('17','40','2');
INSERT INTO tb_ans_answers(pos_id,qst_number,ans_text) VALUES('17','12','');
INSERT INTO tb_ans_answers(pos_id,qst_number,ans_text) VALUES('17','49a','2');
INSERT INTO tb_ans_answers(pos_id,qst_number,ans_text) VALUES('17','25','1');
INSERT INTO tb_ans_answers(pos_id,qst_number,ans_text) VALUES('17','03','1.90');
INSERT INTO tb_ans_answers(pos_id,qst_number,ans_text) VALUES('17','13a','1');
INSERT INTO tb_ans_answers(pos_id,qst_number,ans_text) VALUES('17','07','2|');
INSERT INTO tb_ans_answers(pos_id,qst_number,ans_text) VALUES('17','13b','34|');
INSERT INTO tb_ans_answers(pos_id,qst_number,ans_text) VALUES('17','01','19');
INSERT INTO tb_ans_answers(pos_id,qst_number,ans_text) VALUES('17','47','0');
INSERT INTO tb_ans_answers(pos_id,qst_number,ans_text) VALUES('17','30','0');
INSERT INTO tb_ans_answers(pos_id,qst_number,ans_text) VALUES('17','14','1');
INSERT INTO tb_ans_answers(pos_id,qst_number,ans_text) VALUES('17','06','1948');
INSERT INTO tb_ans_answers(pos_id,qst_number,ans_text) VALUES('17','42','1');
INSERT INTO tb_ans_answers(pos_id,qst_number,ans_text) VALUES('17','02','Praça Francisco de Sá Carneiro, Bonfim, Porto');
INSERT INTO tb_ans_answers(pos_id,qst_number,ans_text) VALUES('17','05','41.16241449691608 -8.592276887968183');
INSERT INTO tb_ans_answers(pos_id,qst_number,ans_text) VALUES('17','38','1');
INSERT INTO tb_ans_answers(pos_id,qst_number,ans_text) VALUES('17','21','69|');
INSERT INTO tb_ans_answers(pos_id,qst_number,ans_text) VALUES('17','18a','53|');
INSERT INTO tb_ans_answers(pos_id,qst_number,ans_text) VALUES('17','11','');
INSERT INTO tb_ans_answers(pos_id,qst_number,ans_text) VALUES('17','09','0');
INSERT INTO tb_ans_answers(pos_id,qst_number,ans_text) VALUES('17','18b','3');
INSERT INTO tb_ans_answers(pos_id,qst_number,ans_text) VALUES('17','23','0');
INSERT INTO tb_ans_answers(pos_id,qst_number,ans_text) VALUES('17','29','0|');
INSERT INTO tb_ans_answers(pos_id,qst_number,ans_text) VALUES('17','35','1');
INSERT INTO tb_ans_answers(pos_id,qst_number,ans_text) VALUES('17','19','65|64|61|');
INSERT INTO tb_ans_answers(pos_id,qst_number,ans_text) VALUES('17','43','1');
INSERT INTO tb_ans_answers(pos_id,qst_number,ans_text) VALUES('17','44','135|');
INSERT INTO tb_ans_answers(pos_id,qst_number,ans_text) VALUES('17','17','1');
INSERT INTO tb_ans_answers(pos_id,qst_number,ans_text) VALUES('17','31','0');
INSERT INTO tb_ans_answers(pos_id,qst_number,ans_text) VALUES('17','48a','1');
INSERT INTO tb_ans_answers(pos_id,qst_number,ans_text) VALUES('17','34','4');
INSERT INTO tb_ans_answers(pos_id,qst_number,ans_text) VALUES('17','33','1');
INSERT INTO tb_ans_answers(pos_id,qst_number,ans_text) VALUES('17','39','1');
INSERT INTO tb_ans_answers(pos_id,qst_number,ans_text) VALUES('17','26','0');
INSERT INTO tb_ans_answers(pos_id,qst_number,ans_text) VALUES('17','46a','2');
INSERT INTO tb_ans_answers(pos_id,qst_number,ans_text) VALUES('17','04','4200-313');
INSERT INTO tb_ans_answers(pos_id,qst_number,ans_text) VALUES('17','08','10|');
INSERT INTO tb_ans_answers(pos_id,qst_number,ans_text) VALUES('17','48b','0');
INSERT INTO tb_ans_answers(pos_id,qst_number,ans_text) VALUES('17','46b','1');
INSERT INTO tb_ans_answers(pos_id,qst_number,ans_text) VALUES('17','24','1');
INSERT INTO tb_ans_answers(pos_id,qst_number,ans_text) VALUES('17','37','0');
INSERT INTO tb_ans_answers(pos_id,qst_number,ans_text) VALUES('17','10','0');
INSERT INTO tb_ans_answers(pos_id,qst_number,ans_text) VALUES('17','15','2');
INSERT INTO tb_ans_answers(pos_id,qst_number,ans_text) VALUES('17','41','0');
INSERT INTO tb_ans_answers(pos_id,qst_number,ans_text) VALUES('17','46c','0');
INSERT INTO tb_ans_answers(pos_id,qst_number,ans_text) VALUES('17','20','1');
INSERT INTO tb_ans_answers(pos_id,qst_number,ans_text) VALUES('3','28','');
INSERT INTO tb_ans_answers(pos_id,qst_number,ans_text) VALUES('3','23','1');
INSERT INTO tb_ans_answers(pos_id,qst_number,ans_text) VALUES('3','37','0');
INSERT INTO tb_ans_answers(pos_id,qst_number,ans_text) VALUES('3','22','2');
INSERT INTO tb_ans_answers(pos_id,qst_number,ans_text) VALUES('3','33','0');
INSERT INTO tb_ans_answers(pos_id,qst_number,ans_text) VALUES('3','10','0');
INSERT INTO tb_ans_answers(pos_id,qst_number,ans_text) VALUES('3','02','Rua Mouzinho da Silveira, São Nicolau, Porto');
INSERT INTO tb_ans_answers(pos_id,qst_number,ans_text) VALUES('3','08','10|');
INSERT INTO tb_ans_answers(pos_id,qst_number,ans_text) VALUES('3','11','');
INSERT INTO tb_ans_answers(pos_id,qst_number,ans_text) VALUES('3','09','0');
INSERT INTO tb_ans_answers(pos_id,qst_number,ans_text) VALUES('3','35','1');
INSERT INTO tb_ans_answers(pos_id,qst_number,ans_text) VALUES('3','19','63|61|');
INSERT INTO tb_ans_answers(pos_id,qst_number,ans_text) VALUES('3','14','1');
INSERT INTO tb_ans_answers(pos_id,qst_number,ans_text) VALUES('3','38','1');
INSERT INTO tb_ans_answers(pos_id,qst_number,ans_text) VALUES('3','48a','1');
INSERT INTO tb_ans_answers(pos_id,qst_number,ans_text) VALUES('3','12','');
INSERT INTO tb_ans_answers(pos_id,qst_number,ans_text) VALUES('3','01','20');
INSERT INTO tb_ans_answers(pos_id,qst_number,ans_text) VALUES('3','49b','5');
INSERT INTO tb_ans_answers(pos_id,qst_number,ans_text) VALUES('3','18b','5');
INSERT INTO tb_ans_answers(pos_id,qst_number,ans_text) VALUES('3','18a','53|');
INSERT INTO tb_ans_answers(pos_id,qst_number,ans_text) VALUES('3','13a','1');
INSERT INTO tb_ans_answers(pos_id,qst_number,ans_text) VALUES('3','39','1');
INSERT INTO tb_ans_answers(pos_id,qst_number,ans_text) VALUES('3','13b','265|');
INSERT INTO tb_ans_answers(pos_id,qst_number,ans_text) VALUES('3','42','0');
INSERT INTO tb_ans_answers(pos_id,qst_number,ans_text) VALUES('3','46b','1');
INSERT INTO tb_ans_answers(pos_id,qst_number,ans_text) VALUES('3','29','0|');
INSERT INTO tb_ans_answers(pos_id,qst_number,ans_text) VALUES('3','47','0');
INSERT INTO tb_ans_answers(pos_id,qst_number,ans_text) VALUES('3','16','47|');
INSERT INTO tb_ans_answers(pos_id,qst_number,ans_text) VALUES('3','27','');
INSERT INTO tb_ans_answers(pos_id,qst_number,ans_text) VALUES('3','40','2');
INSERT INTO tb_ans_answers(pos_id,qst_number,ans_text) VALUES('3','05','41.1412603712168 -8.614855974912643');
INSERT INTO tb_ans_answers(pos_id,qst_number,ans_text) VALUES('3','15','1');
INSERT INTO tb_ans_answers(pos_id,qst_number,ans_text) VALUES('3','30','0');
INSERT INTO tb_ans_answers(pos_id,qst_number,ans_text) VALUES('3','46c','0');
INSERT INTO tb_ans_answers(pos_id,qst_number,ans_text) VALUES('3','34','4');
INSERT INTO tb_ans_answers(pos_id,qst_number,ans_text) VALUES('3','21','69|');
INSERT INTO tb_ans_answers(pos_id,qst_number,ans_text) VALUES('3','32a','0');
INSERT INTO tb_ans_answers(pos_id,qst_number,ans_text) VALUES('3','17','1');
INSERT INTO tb_ans_answers(pos_id,qst_number,ans_text) VALUES('3','45','1');
INSERT INTO tb_ans_answers(pos_id,qst_number,ans_text) VALUES('3','03','0.44');
INSERT INTO tb_ans_answers(pos_id,qst_number,ans_text) VALUES('3','48b','1');
INSERT INTO tb_ans_answers(pos_id,qst_number,ans_text) VALUES('3','20','1');
INSERT INTO tb_ans_answers(pos_id,qst_number,ans_text) VALUES('3','24','0');
INSERT INTO tb_ans_answers(pos_id,qst_number,ans_text) VALUES('3','31','0');
INSERT INTO tb_ans_answers(pos_id,qst_number,ans_text) VALUES('3','49c','5');
INSERT INTO tb_ans_answers(pos_id,qst_number,ans_text) VALUES('3','26','0');
INSERT INTO tb_ans_answers(pos_id,qst_number,ans_text) VALUES('3','25','1');
INSERT INTO tb_ans_answers(pos_id,qst_number,ans_text) VALUES('3','41','0');
INSERT INTO tb_ans_answers(pos_id,qst_number,ans_text) VALUES('3','44','136|134|');
INSERT INTO tb_ans_answers(pos_id,qst_number,ans_text) VALUES('3','06','1900');
INSERT INTO tb_ans_answers(pos_id,qst_number,ans_text) VALUES('3','04','4050-419');
INSERT INTO tb_ans_answers(pos_id,qst_number,ans_text) VALUES('3','07','2|');
INSERT INTO tb_ans_answers(pos_id,qst_number,ans_text) VALUES('3','36','1');
INSERT INTO tb_ans_answers(pos_id,qst_number,ans_text) VALUES('3','43','1');
INSERT INTO tb_ans_answers(pos_id,qst_number,ans_text) VALUES('3','49a','3');
INSERT INTO tb_ans_answers(pos_id,qst_number,ans_text) VALUES('3','32b','');
INSERT INTO tb_ans_answers(pos_id,qst_number,ans_text) VALUES('3','46a','1');
INSERT INTO tb_ans_answers(pos_id,qst_number,ans_text) VALUES('35','11','25|24|');
INSERT INTO tb_ans_answers(pos_id,qst_number,ans_text) VALUES('35','41','0');
INSERT INTO tb_ans_answers(pos_id,qst_number,ans_text) VALUES('35','18b','4');
INSERT INTO tb_ans_answers(pos_id,qst_number,ans_text) VALUES('35','26','0');
INSERT INTO tb_ans_answers(pos_id,qst_number,ans_text) VALUES('35','35','1');
INSERT INTO tb_ans_answers(pos_id,qst_number,ans_text) VALUES('35','14','1');
INSERT INTO tb_ans_answers(pos_id,qst_number,ans_text) VALUES('35','09','0');
INSERT INTO tb_ans_answers(pos_id,qst_number,ans_text) VALUES('35','31','0');
INSERT INTO tb_ans_answers(pos_id,qst_number,ans_text) VALUES('35','37','0');
INSERT INTO tb_ans_answers(pos_id,qst_number,ans_text) VALUES('35','32b','1');
INSERT INTO tb_ans_answers(pos_id,qst_number,ans_text) VALUES('35','47','0');
INSERT INTO tb_ans_answers(pos_id,qst_number,ans_text) VALUES('35','20','1');
INSERT INTO tb_ans_answers(pos_id,qst_number,ans_text) VALUES('35','42','0');
INSERT INTO tb_ans_answers(pos_id,qst_number,ans_text) VALUES('35','49b','5');
INSERT INTO tb_ans_answers(pos_id,qst_number,ans_text) VALUES('35','30','0');
INSERT INTO tb_ans_answers(pos_id,qst_number,ans_text) VALUES('35','46b','1');
INSERT INTO tb_ans_answers(pos_id,qst_number,ans_text) VALUES('35','49c','5');
INSERT INTO tb_ans_answers(pos_id,qst_number,ans_text) VALUES('35','08','10|');
INSERT INTO tb_ans_answers(pos_id,qst_number,ans_text) VALUES('35','24','0');
INSERT INTO tb_ans_answers(pos_id,qst_number,ans_text) VALUES('35','06','');
INSERT INTO tb_ans_answers(pos_id,qst_number,ans_text) VALUES('35','34','4');
INSERT INTO tb_ans_answers(pos_id,qst_number,ans_text) VALUES('35','48a','1');
INSERT INTO tb_ans_answers(pos_id,qst_number,ans_text) VALUES('35','15','1');
INSERT INTO tb_ans_answers(pos_id,qst_number,ans_text) VALUES('35','25','1');
INSERT INTO tb_ans_answers(pos_id,qst_number,ans_text) VALUES('35','44','134|');
INSERT INTO tb_ans_answers(pos_id,qst_number,ans_text) VALUES('35','01','21');
INSERT INTO tb_ans_answers(pos_id,qst_number,ans_text) VALUES('35','13b','39|38|35|');
INSERT INTO tb_ans_answers(pos_id,qst_number,ans_text) VALUES('35','32a','1');
INSERT INTO tb_ans_answers(pos_id,qst_number,ans_text) VALUES('35','49a','3');
INSERT INTO tb_ans_answers(pos_id,qst_number,ans_text) VALUES('35','17','1');
INSERT INTO tb_ans_answers(pos_id,qst_number,ans_text) VALUES('35','07','2|');
INSERT INTO tb_ans_answers(pos_id,qst_number,ans_text) VALUES('35','45','1');
INSERT INTO tb_ans_answers(pos_id,qst_number,ans_text) VALUES('35','22','2');
INSERT INTO tb_ans_answers(pos_id,qst_number,ans_text) VALUES('35','33','0');
INSERT INTO tb_ans_answers(pos_id,qst_number,ans_text) VALUES('35','02','Rua Bartolomeu Velho, Foz do Douro, Porto');
INSERT INTO tb_ans_answers(pos_id,qst_number,ans_text) VALUES('35','36','1');
INSERT INTO tb_ans_answers(pos_id,qst_number,ans_text) VALUES('35','40','1');
INSERT INTO tb_ans_answers(pos_id,qst_number,ans_text) VALUES('35','10','1');
INSERT INTO tb_ans_answers(pos_id,qst_number,ans_text) VALUES('35','48b','1');
INSERT INTO tb_ans_answers(pos_id,qst_number,ans_text) VALUES('35','39','1');
INSERT INTO tb_ans_answers(pos_id,qst_number,ans_text) VALUES('35','27','');
INSERT INTO tb_ans_answers(pos_id,qst_number,ans_text) VALUES('35','18a','53|');
INSERT INTO tb_ans_answers(pos_id,qst_number,ans_text) VALUES('35','05','41.15447330698056 -8.671689913608134');
INSERT INTO tb_ans_answers(pos_id,qst_number,ans_text) VALUES('35','16','47|');
INSERT INTO tb_ans_answers(pos_id,qst_number,ans_text) VALUES('35','38','1');
INSERT INTO tb_ans_answers(pos_id,qst_number,ans_text) VALUES('35','19','63|61|');
INSERT INTO tb_ans_answers(pos_id,qst_number,ans_text) VALUES('35','46c','0');
INSERT INTO tb_ans_answers(pos_id,qst_number,ans_text) VALUES('35','23','1');
INSERT INTO tb_ans_answers(pos_id,qst_number,ans_text) VALUES('35','29','0|');
INSERT INTO tb_ans_answers(pos_id,qst_number,ans_text) VALUES('35','21','69|');
INSERT INTO tb_ans_answers(pos_id,qst_number,ans_text) VALUES('35','04','4150-124');
INSERT INTO tb_ans_answers(pos_id,qst_number,ans_text) VALUES('35','28','');
INSERT INTO tb_ans_answers(pos_id,qst_number,ans_text) VALUES('35','12','1');
INSERT INTO tb_ans_answers(pos_id,qst_number,ans_text) VALUES('35','46a','1');
INSERT INTO tb_ans_answers(pos_id,qst_number,ans_text) VALUES('35','13a','1');
INSERT INTO tb_ans_answers(pos_id,qst_number,ans_text) VALUES('35','03','0.52');
INSERT INTO tb_ans_answers(pos_id,qst_number,ans_text) VALUES('35','43','1');
INSERT INTO tb_ans_answers(pos_id,qst_number,ans_text) VALUES('36','16','49|266|');
INSERT INTO tb_ans_answers(pos_id,qst_number,ans_text) VALUES('36','06','1973');
INSERT INTO tb_ans_answers(pos_id,qst_number,ans_text) VALUES('36','48b','');
INSERT INTO tb_ans_answers(pos_id,qst_number,ans_text) VALUES('36','37','0');
INSERT INTO tb_ans_answers(pos_id,qst_number,ans_text) VALUES('36','18b','3');
INSERT INTO tb_ans_answers(pos_id,qst_number,ans_text) VALUES('36','27','89|88|87|85|');
INSERT INTO tb_ans_answers(pos_id,qst_number,ans_text) VALUES('36','46c','0');
INSERT INTO tb_ans_answers(pos_id,qst_number,ans_text) VALUES('36','44','135|');
INSERT INTO tb_ans_answers(pos_id,qst_number,ans_text) VALUES('36','24','0');
INSERT INTO tb_ans_answers(pos_id,qst_number,ans_text) VALUES('36','04','4100-020');
INSERT INTO tb_ans_answers(pos_id,qst_number,ans_text) VALUES('36','48a','');
INSERT INTO tb_ans_answers(pos_id,qst_number,ans_text) VALUES('36','28','96|');
INSERT INTO tb_ans_answers(pos_id,qst_number,ans_text) VALUES('36','46a','1');
INSERT INTO tb_ans_answers(pos_id,qst_number,ans_text) VALUES('36','34','4');
INSERT INTO tb_ans_answers(pos_id,qst_number,ans_text) VALUES('36','09','0');
INSERT INTO tb_ans_answers(pos_id,qst_number,ans_text) VALUES('36','21','69|');
INSERT INTO tb_ans_answers(pos_id,qst_number,ans_text) VALUES('36','19','62|267|');
INSERT INTO tb_ans_answers(pos_id,qst_number,ans_text) VALUES('36','08','17|10|');
INSERT INTO tb_ans_answers(pos_id,qst_number,ans_text) VALUES('36','35','1');
INSERT INTO tb_ans_answers(pos_id,qst_number,ans_text) VALUES('36','15','2');
INSERT INTO tb_ans_answers(pos_id,qst_number,ans_text) VALUES('36','05','41.16255590841938 -8.647787477821112');
INSERT INTO tb_ans_answers(pos_id,qst_number,ans_text) VALUES('36','31','0');
INSERT INTO tb_ans_answers(pos_id,qst_number,ans_text) VALUES('36','22','1');
INSERT INTO tb_ans_answers(pos_id,qst_number,ans_text) VALUES('36','18a','53|');
INSERT INTO tb_ans_answers(pos_id,qst_number,ans_text) VALUES('36','02','Rua Afonso Lopes Vieira, Ramalde, Porto');
INSERT INTO tb_ans_answers(pos_id,qst_number,ans_text) VALUES('36','23','1');
INSERT INTO tb_ans_answers(pos_id,qst_number,ans_text) VALUES('36','32a','1');
INSERT INTO tb_ans_answers(pos_id,qst_number,ans_text) VALUES('36','29','1|3|');
INSERT INTO tb_ans_answers(pos_id,qst_number,ans_text) VALUES('36','03','0.85');
INSERT INTO tb_ans_answers(pos_id,qst_number,ans_text) VALUES('36','26','1');
INSERT INTO tb_ans_answers(pos_id,qst_number,ans_text) VALUES('36','07','2|');
INSERT INTO tb_ans_answers(pos_id,qst_number,ans_text) VALUES('36','41','0');
INSERT INTO tb_ans_answers(pos_id,qst_number,ans_text) VALUES('36','49b','5');
INSERT INTO tb_ans_answers(pos_id,qst_number,ans_text) VALUES('36','13b','36|');
INSERT INTO tb_ans_answers(pos_id,qst_number,ans_text) VALUES('36','40','2');
INSERT INTO tb_ans_answers(pos_id,qst_number,ans_text) VALUES('36','33','0');
INSERT INTO tb_ans_answers(pos_id,qst_number,ans_text) VALUES('36','36','1');
INSERT INTO tb_ans_answers(pos_id,qst_number,ans_text) VALUES('36','45','1');
INSERT INTO tb_ans_answers(pos_id,qst_number,ans_text) VALUES('36','10','0');
INSERT INTO tb_ans_answers(pos_id,qst_number,ans_text) VALUES('36','39','1');
INSERT INTO tb_ans_answers(pos_id,qst_number,ans_text) VALUES('36','30','0');
INSERT INTO tb_ans_answers(pos_id,qst_number,ans_text) VALUES('36','43','1');
INSERT INTO tb_ans_answers(pos_id,qst_number,ans_text) VALUES('36','47','1');
INSERT INTO tb_ans_answers(pos_id,qst_number,ans_text) VALUES('36','12','');
INSERT INTO tb_ans_answers(pos_id,qst_number,ans_text) VALUES('36','13a','1');
INSERT INTO tb_ans_answers(pos_id,qst_number,ans_text) VALUES('36','32b','2');
INSERT INTO tb_ans_answers(pos_id,qst_number,ans_text) VALUES('36','01','22');
INSERT INTO tb_ans_answers(pos_id,qst_number,ans_text) VALUES('36','38','1');
INSERT INTO tb_ans_answers(pos_id,qst_number,ans_text) VALUES('36','49a','2');
INSERT INTO tb_ans_answers(pos_id,qst_number,ans_text) VALUES('36','20','1');
INSERT INTO tb_ans_answers(pos_id,qst_number,ans_text) VALUES('36','11','');
INSERT INTO tb_ans_answers(pos_id,qst_number,ans_text) VALUES('36','25','0');
INSERT INTO tb_ans_answers(pos_id,qst_number,ans_text) VALUES('36','17','1');
INSERT INTO tb_ans_answers(pos_id,qst_number,ans_text) VALUES('36','42','1');
INSERT INTO tb_ans_answers(pos_id,qst_number,ans_text) VALUES('36','46b','1');
INSERT INTO tb_ans_answers(pos_id,qst_number,ans_text) VALUES('36','49c','5');
INSERT INTO tb_ans_answers(pos_id,qst_number,ans_text) VALUES('36','14','1');
INSERT INTO tb_ans_answers(pos_id,qst_number,ans_text) VALUES('12','37','0');
INSERT INTO tb_ans_answers(pos_id,qst_number,ans_text) VALUES('12','06','1834');
INSERT INTO tb_ans_answers(pos_id,qst_number,ans_text) VALUES('12','28','');
INSERT INTO tb_ans_answers(pos_id,qst_number,ans_text) VALUES('12','27','');
INSERT INTO tb_ans_answers(pos_id,qst_number,ans_text) VALUES('12','46a','2');
INSERT INTO tb_ans_answers(pos_id,qst_number,ans_text) VALUES('12','47','0');
INSERT INTO tb_ans_answers(pos_id,qst_number,ans_text) VALUES('12','29','0|');
INSERT INTO tb_ans_answers(pos_id,qst_number,ans_text) VALUES('12','33','0');
INSERT INTO tb_ans_answers(pos_id,qst_number,ans_text) VALUES('12','18b','2');
INSERT INTO tb_ans_answers(pos_id,qst_number,ans_text) VALUES('12','22','2');
INSERT INTO tb_ans_answers(pos_id,qst_number,ans_text) VALUES('12','13b','36|34|268|');
INSERT INTO tb_ans_answers(pos_id,qst_number,ans_text) VALUES('12','02','Av Rodrigues de Freitas, Santo Ildefonso, Porto');
INSERT INTO tb_ans_answers(pos_id,qst_number,ans_text) VALUES('12','13a','1');
INSERT INTO tb_ans_answers(pos_id,qst_number,ans_text) VALUES('12','09','0');
INSERT INTO tb_ans_answers(pos_id,qst_number,ans_text) VALUES('12','41','0');
INSERT INTO tb_ans_answers(pos_id,qst_number,ans_text) VALUES('12','21','69|');
INSERT INTO tb_ans_answers(pos_id,qst_number,ans_text) VALUES('12','44','135|134|');
INSERT INTO tb_ans_answers(pos_id,qst_number,ans_text) VALUES('12','08','10|');
INSERT INTO tb_ans_answers(pos_id,qst_number,ans_text) VALUES('12','23','0');
INSERT INTO tb_ans_answers(pos_id,qst_number,ans_text) VALUES('12','45','1');
INSERT INTO tb_ans_answers(pos_id,qst_number,ans_text) VALUES('12','39','0');
INSERT INTO tb_ans_answers(pos_id,qst_number,ans_text) VALUES('12','20','1');
INSERT INTO tb_ans_answers(pos_id,qst_number,ans_text) VALUES('12','43','1');
INSERT INTO tb_ans_answers(pos_id,qst_number,ans_text) VALUES('12','16','48|47|');
INSERT INTO tb_ans_answers(pos_id,qst_number,ans_text) VALUES('12','46b','1');
INSERT INTO tb_ans_answers(pos_id,qst_number,ans_text) VALUES('12','49c','5');
INSERT INTO tb_ans_answers(pos_id,qst_number,ans_text) VALUES('12','05','41.145870277563716 -8.602476172149181');
INSERT INTO tb_ans_answers(pos_id,qst_number,ans_text) VALUES('12','42','1');
INSERT INTO tb_ans_answers(pos_id,qst_number,ans_text) VALUES('12','14','1');
INSERT INTO tb_ans_answers(pos_id,qst_number,ans_text) VALUES('12','01','23');
INSERT INTO tb_ans_answers(pos_id,qst_number,ans_text) VALUES('12','03','0.76');
INSERT INTO tb_ans_answers(pos_id,qst_number,ans_text) VALUES('12','18a','53|');
INSERT INTO tb_ans_answers(pos_id,qst_number,ans_text) VALUES('12','24','0');
INSERT INTO tb_ans_answers(pos_id,qst_number,ans_text) VALUES('12','19','64|61|');
INSERT INTO tb_ans_answers(pos_id,qst_number,ans_text) VALUES('12','48a','1');
INSERT INTO tb_ans_answers(pos_id,qst_number,ans_text) VALUES('12','48b','1');
INSERT INTO tb_ans_answers(pos_id,qst_number,ans_text) VALUES('12','49b','5');
INSERT INTO tb_ans_answers(pos_id,qst_number,ans_text) VALUES('12','04','4000-507');
INSERT INTO tb_ans_answers(pos_id,qst_number,ans_text) VALUES('12','40','');
INSERT INTO tb_ans_answers(pos_id,qst_number,ans_text) VALUES('12','34','4');
INSERT INTO tb_ans_answers(pos_id,qst_number,ans_text) VALUES('12','11','25|24|');
INSERT INTO tb_ans_answers(pos_id,qst_number,ans_text) VALUES('12','49a','2');
INSERT INTO tb_ans_answers(pos_id,qst_number,ans_text) VALUES('12','36','1');
INSERT INTO tb_ans_answers(pos_id,qst_number,ans_text) VALUES('12','15','1');
INSERT INTO tb_ans_answers(pos_id,qst_number,ans_text) VALUES('12','32b','');
INSERT INTO tb_ans_answers(pos_id,qst_number,ans_text) VALUES('12','12','1');
INSERT INTO tb_ans_answers(pos_id,qst_number,ans_text) VALUES('12','38','1');
INSERT INTO tb_ans_answers(pos_id,qst_number,ans_text) VALUES('12','35','1');
INSERT INTO tb_ans_answers(pos_id,qst_number,ans_text) VALUES('12','25','0');
INSERT INTO tb_ans_answers(pos_id,qst_number,ans_text) VALUES('12','07','2|');
INSERT INTO tb_ans_answers(pos_id,qst_number,ans_text) VALUES('12','32a','0');
INSERT INTO tb_ans_answers(pos_id,qst_number,ans_text) VALUES('12','10','1');
INSERT INTO tb_ans_answers(pos_id,qst_number,ans_text) VALUES('12','17','1');
INSERT INTO tb_ans_answers(pos_id,qst_number,ans_text) VALUES('12','31','0');
INSERT INTO tb_ans_answers(pos_id,qst_number,ans_text) VALUES('12','46c','0');
INSERT INTO tb_ans_answers(pos_id,qst_number,ans_text) VALUES('12','30','0');
INSERT INTO tb_ans_answers(pos_id,qst_number,ans_text) VALUES('12','26','0');
INSERT INTO tb_ans_answers(pos_id,qst_number,ans_text) VALUES('29','20','1');
INSERT INTO tb_ans_answers(pos_id,qst_number,ans_text) VALUES('29','18a','54|53|');
INSERT INTO tb_ans_answers(pos_id,qst_number,ans_text) VALUES('29','38','1');
INSERT INTO tb_ans_answers(pos_id,qst_number,ans_text) VALUES('29','47','0');
INSERT INTO tb_ans_answers(pos_id,qst_number,ans_text) VALUES('29','12','1');
INSERT INTO tb_ans_answers(pos_id,qst_number,ans_text) VALUES('29','40','7');
INSERT INTO tb_ans_answers(pos_id,qst_number,ans_text) VALUES('29','24','1');
INSERT INTO tb_ans_answers(pos_id,qst_number,ans_text) VALUES('29','13b','269|');
INSERT INTO tb_ans_answers(pos_id,qst_number,ans_text) VALUES('29','13a','1');
INSERT INTO tb_ans_answers(pos_id,qst_number,ans_text) VALUES('29','03','3.86');
INSERT INTO tb_ans_answers(pos_id,qst_number,ans_text) VALUES('29','01','24');
INSERT INTO tb_ans_answers(pos_id,qst_number,ans_text) VALUES('29','44','135|');
INSERT INTO tb_ans_answers(pos_id,qst_number,ans_text) VALUES('29','21','69|');
INSERT INTO tb_ans_answers(pos_id,qst_number,ans_text) VALUES('29','28','');
INSERT INTO tb_ans_answers(pos_id,qst_number,ans_text) VALUES('29','25','1');
INSERT INTO tb_ans_answers(pos_id,qst_number,ans_text) VALUES('29','22','2');
INSERT INTO tb_ans_answers(pos_id,qst_number,ans_text) VALUES('29','49a','1');
INSERT INTO tb_ans_answers(pos_id,qst_number,ans_text) VALUES('29','49b','5');
INSERT INTO tb_ans_answers(pos_id,qst_number,ans_text) VALUES('29','48a','1');
INSERT INTO tb_ans_answers(pos_id,qst_number,ans_text) VALUES('29','19','63|61|270|');
INSERT INTO tb_ans_answers(pos_id,qst_number,ans_text) VALUES('29','46c','');
INSERT INTO tb_ans_answers(pos_id,qst_number,ans_text) VALUES('29','14','1');
INSERT INTO tb_ans_answers(pos_id,qst_number,ans_text) VALUES('29','43','1');
INSERT INTO tb_ans_answers(pos_id,qst_number,ans_text) VALUES('29','06','1930');
INSERT INTO tb_ans_answers(pos_id,qst_number,ans_text) VALUES('29','31','0');
INSERT INTO tb_ans_answers(pos_id,qst_number,ans_text) VALUES('29','33','0');
INSERT INTO tb_ans_answers(pos_id,qst_number,ans_text) VALUES('29','48b','1');
INSERT INTO tb_ans_answers(pos_id,qst_number,ans_text) VALUES('29','34','1');
INSERT INTO tb_ans_answers(pos_id,qst_number,ans_text) VALUES('29','46b','');
INSERT INTO tb_ans_answers(pos_id,qst_number,ans_text) VALUES('29','05','41.16550313017214 -8.688093586073768');
INSERT INTO tb_ans_answers(pos_id,qst_number,ans_text) VALUES('29','41','0');
INSERT INTO tb_ans_answers(pos_id,qst_number,ans_text) VALUES('29','15','3');
INSERT INTO tb_ans_answers(pos_id,qst_number,ans_text) VALUES('29','45','2');
INSERT INTO tb_ans_answers(pos_id,qst_number,ans_text) VALUES('29','08','11|10|');
INSERT INTO tb_ans_answers(pos_id,qst_number,ans_text) VALUES('29','35','1');
INSERT INTO tb_ans_answers(pos_id,qst_number,ans_text) VALUES('29','04','4150-519');
INSERT INTO tb_ans_answers(pos_id,qst_number,ans_text) VALUES('29','16','47|');
INSERT INTO tb_ans_answers(pos_id,qst_number,ans_text) VALUES('29','36','1');
INSERT INTO tb_ans_answers(pos_id,qst_number,ans_text) VALUES('29','23','1');
INSERT INTO tb_ans_answers(pos_id,qst_number,ans_text) VALUES('29','07','2|');
INSERT INTO tb_ans_answers(pos_id,qst_number,ans_text) VALUES('29','09','1');
INSERT INTO tb_ans_answers(pos_id,qst_number,ans_text) VALUES('29','17','0');
INSERT INTO tb_ans_answers(pos_id,qst_number,ans_text) VALUES('29','32a','0');
INSERT INTO tb_ans_answers(pos_id,qst_number,ans_text) VALUES('29','49c','1');
INSERT INTO tb_ans_answers(pos_id,qst_number,ans_text) VALUES('29','02','Av Montevideu, Nevogilde, Porto');
INSERT INTO tb_ans_answers(pos_id,qst_number,ans_text) VALUES('29','30','0');
INSERT INTO tb_ans_answers(pos_id,qst_number,ans_text) VALUES('29','27','');
INSERT INTO tb_ans_answers(pos_id,qst_number,ans_text) VALUES('29','39','1');
INSERT INTO tb_ans_answers(pos_id,qst_number,ans_text) VALUES('29','11','25|');
INSERT INTO tb_ans_answers(pos_id,qst_number,ans_text) VALUES('29','10','1');
INSERT INTO tb_ans_answers(pos_id,qst_number,ans_text) VALUES('29','18b','1');
INSERT INTO tb_ans_answers(pos_id,qst_number,ans_text) VALUES('29','42','0');
INSERT INTO tb_ans_answers(pos_id,qst_number,ans_text) VALUES('29','37','0');
INSERT INTO tb_ans_answers(pos_id,qst_number,ans_text) VALUES('29','46a','3');
INSERT INTO tb_ans_answers(pos_id,qst_number,ans_text) VALUES('29','29','0|');
INSERT INTO tb_ans_answers(pos_id,qst_number,ans_text) VALUES('29','32b','');
INSERT INTO tb_ans_answers(pos_id,qst_number,ans_text) VALUES('29','26','0');
INSERT INTO tb_ans_answers(pos_id,qst_number,ans_text) VALUES('15','26','0');
INSERT INTO tb_ans_answers(pos_id,qst_number,ans_text) VALUES('15','39','1');
INSERT INTO tb_ans_answers(pos_id,qst_number,ans_text) VALUES('15','45','1');
INSERT INTO tb_ans_answers(pos_id,qst_number,ans_text) VALUES('15','33','0');
INSERT INTO tb_ans_answers(pos_id,qst_number,ans_text) VALUES('15','12','1');
INSERT INTO tb_ans_answers(pos_id,qst_number,ans_text) VALUES('15','24','1');
INSERT INTO tb_ans_answers(pos_id,qst_number,ans_text) VALUES('15','30','0');
INSERT INTO tb_ans_answers(pos_id,qst_number,ans_text) VALUES('15','46c','0');
INSERT INTO tb_ans_answers(pos_id,qst_number,ans_text) VALUES('15','49c','5');
INSERT INTO tb_ans_answers(pos_id,qst_number,ans_text) VALUES('15','46b','1');
INSERT INTO tb_ans_answers(pos_id,qst_number,ans_text) VALUES('15','40','1');
INSERT INTO tb_ans_answers(pos_id,qst_number,ans_text) VALUES('15','34','4');
INSERT INTO tb_ans_answers(pos_id,qst_number,ans_text) VALUES('15','49a','3');
INSERT INTO tb_ans_answers(pos_id,qst_number,ans_text) VALUES('15','31','0');
INSERT INTO tb_ans_answers(pos_id,qst_number,ans_text) VALUES('15','37','0');
INSERT INTO tb_ans_answers(pos_id,qst_number,ans_text) VALUES('15','18b','3');
INSERT INTO tb_ans_answers(pos_id,qst_number,ans_text) VALUES('15','18a','53|');
INSERT INTO tb_ans_answers(pos_id,qst_number,ans_text) VALUES('15','04','4150-344');
INSERT INTO tb_ans_answers(pos_id,qst_number,ans_text) VALUES('15','27','');
INSERT INTO tb_ans_answers(pos_id,qst_number,ans_text) VALUES('15','14','1');
INSERT INTO tb_ans_answers(pos_id,qst_number,ans_text) VALUES('15','01','25');
INSERT INTO tb_ans_answers(pos_id,qst_number,ans_text) VALUES('15','15','1');
INSERT INTO tb_ans_answers(pos_id,qst_number,ans_text) VALUES('15','03','1.08');
INSERT INTO tb_ans_answers(pos_id,qst_number,ans_text) VALUES('15','36','1');
INSERT INTO tb_ans_answers(pos_id,qst_number,ans_text) VALUES('15','10','1');
INSERT INTO tb_ans_answers(pos_id,qst_number,ans_text) VALUES('15','25','0');
INSERT INTO tb_ans_answers(pos_id,qst_number,ans_text) VALUES('15','22','2');
INSERT INTO tb_ans_answers(pos_id,qst_number,ans_text) VALUES('15','13b','34|271|');
INSERT INTO tb_ans_answers(pos_id,qst_number,ans_text) VALUES('15','05','41.151678420455546 -8.626384362578392');
INSERT INTO tb_ans_answers(pos_id,qst_number,ans_text) VALUES('15','16','48|47|');
INSERT INTO tb_ans_answers(pos_id,qst_number,ans_text) VALUES('15','17','1');
INSERT INTO tb_ans_answers(pos_id,qst_number,ans_text) VALUES('15','32b','');
INSERT INTO tb_ans_answers(pos_id,qst_number,ans_text) VALUES('15','19','63|62|');
INSERT INTO tb_ans_answers(pos_id,qst_number,ans_text) VALUES('15','23','1');
INSERT INTO tb_ans_answers(pos_id,qst_number,ans_text) VALUES('15','29','0|');
INSERT INTO tb_ans_answers(pos_id,qst_number,ans_text) VALUES('15','11','24|');
INSERT INTO tb_ans_answers(pos_id,qst_number,ans_text) VALUES('15','09','0');
INSERT INTO tb_ans_answers(pos_id,qst_number,ans_text) VALUES('15','41','0');
INSERT INTO tb_ans_answers(pos_id,qst_number,ans_text) VALUES('15','43','1');
INSERT INTO tb_ans_answers(pos_id,qst_number,ans_text) VALUES('15','46a','2');
INSERT INTO tb_ans_answers(pos_id,qst_number,ans_text) VALUES('15','20','1');
INSERT INTO tb_ans_answers(pos_id,qst_number,ans_text) VALUES('15','49b','5');
INSERT INTO tb_ans_answers(pos_id,qst_number,ans_text) VALUES('15','47','0');
INSERT INTO tb_ans_answers(pos_id,qst_number,ans_text) VALUES('15','44','135|134|');
INSERT INTO tb_ans_answers(pos_id,qst_number,ans_text) VALUES('15','21','69|');
INSERT INTO tb_ans_answers(pos_id,qst_number,ans_text) VALUES('15','35','1');
INSERT INTO tb_ans_answers(pos_id,qst_number,ans_text) VALUES('15','08','10|');
INSERT INTO tb_ans_answers(pos_id,qst_number,ans_text) VALUES('15','32a','0');
INSERT INTO tb_ans_answers(pos_id,qst_number,ans_text) VALUES('15','42','0');
INSERT INTO tb_ans_answers(pos_id,qst_number,ans_text) VALUES('15','38','1');
INSERT INTO tb_ans_answers(pos_id,qst_number,ans_text) VALUES('15','48b','1');
INSERT INTO tb_ans_answers(pos_id,qst_number,ans_text) VALUES('15','02','Praça Galiza, Massarelos, Porto');
INSERT INTO tb_ans_answers(pos_id,qst_number,ans_text) VALUES('15','13a','1');
INSERT INTO tb_ans_answers(pos_id,qst_number,ans_text) VALUES('15','07','2|');
INSERT INTO tb_ans_answers(pos_id,qst_number,ans_text) VALUES('15','28','');
INSERT INTO tb_ans_answers(pos_id,qst_number,ans_text) VALUES('15','48a','1');
INSERT INTO tb_ans_answers(pos_id,qst_number,ans_text) VALUES('15','06','');
INSERT INTO tb_ans_answers(pos_id,qst_number,ans_text) VALUES('4','05','41.17883109259783 -8.617781661450863');
INSERT INTO tb_ans_answers(pos_id,qst_number,ans_text) VALUES('4','46a','2');
INSERT INTO tb_ans_answers(pos_id,qst_number,ans_text) VALUES('4','18a','53|');
INSERT INTO tb_ans_answers(pos_id,qst_number,ans_text) VALUES('4','03','0.44');
INSERT INTO tb_ans_answers(pos_id,qst_number,ans_text) VALUES('4','15','1');
INSERT INTO tb_ans_answers(pos_id,qst_number,ans_text) VALUES('4','14','1');
INSERT INTO tb_ans_answers(pos_id,qst_number,ans_text) VALUES('4','21','69|');
INSERT INTO tb_ans_answers(pos_id,qst_number,ans_text) VALUES('4','44','136|135|');
INSERT INTO tb_ans_answers(pos_id,qst_number,ans_text) VALUES('4','23','0');
INSERT INTO tb_ans_answers(pos_id,qst_number,ans_text) VALUES('4','46b','1');
INSERT INTO tb_ans_answers(pos_id,qst_number,ans_text) VALUES('4','31','0');
INSERT INTO tb_ans_answers(pos_id,qst_number,ans_text) VALUES('4','11','');
INSERT INTO tb_ans_answers(pos_id,qst_number,ans_text) VALUES('4','16','49|46|');
INSERT INTO tb_ans_answers(pos_id,qst_number,ans_text) VALUES('4','47','1');
INSERT INTO tb_ans_answers(pos_id,qst_number,ans_text) VALUES('4','36','1');
INSERT INTO tb_ans_answers(pos_id,qst_number,ans_text) VALUES('4','02','Rua da Telheira, Paranhos, Porto');
INSERT INTO tb_ans_answers(pos_id,qst_number,ans_text) VALUES('4','49b','5');
INSERT INTO tb_ans_answers(pos_id,qst_number,ans_text) VALUES('4','43','1');
INSERT INTO tb_ans_answers(pos_id,qst_number,ans_text) VALUES('4','34','4');
INSERT INTO tb_ans_answers(pos_id,qst_number,ans_text) VALUES('4','07','2|');
INSERT INTO tb_ans_answers(pos_id,qst_number,ans_text) VALUES('4','35','1');
INSERT INTO tb_ans_answers(pos_id,qst_number,ans_text) VALUES('4','48b','');
INSERT INTO tb_ans_answers(pos_id,qst_number,ans_text) VALUES('4','25','0');
INSERT INTO tb_ans_answers(pos_id,qst_number,ans_text) VALUES('4','18b','1');
INSERT INTO tb_ans_answers(pos_id,qst_number,ans_text) VALUES('4','46c','0');
INSERT INTO tb_ans_answers(pos_id,qst_number,ans_text) VALUES('4','40','2');
INSERT INTO tb_ans_answers(pos_id,qst_number,ans_text) VALUES('4','49c','5');
INSERT INTO tb_ans_answers(pos_id,qst_number,ans_text) VALUES('4','08','10|');
INSERT INTO tb_ans_answers(pos_id,qst_number,ans_text) VALUES('4','27','');
INSERT INTO tb_ans_answers(pos_id,qst_number,ans_text) VALUES('4','30','0');
INSERT INTO tb_ans_answers(pos_id,qst_number,ans_text) VALUES('4','12','');
INSERT INTO tb_ans_answers(pos_id,qst_number,ans_text) VALUES('4','22','2');
INSERT INTO tb_ans_answers(pos_id,qst_number,ans_text) VALUES('4','06','2006');
INSERT INTO tb_ans_answers(pos_id,qst_number,ans_text) VALUES('4','41','0');
INSERT INTO tb_ans_answers(pos_id,qst_number,ans_text) VALUES('4','26','0');
INSERT INTO tb_ans_answers(pos_id,qst_number,ans_text) VALUES('4','13a','0');
INSERT INTO tb_ans_answers(pos_id,qst_number,ans_text) VALUES('4','04','4250-483');
INSERT INTO tb_ans_answers(pos_id,qst_number,ans_text) VALUES('4','32a','1');
INSERT INTO tb_ans_answers(pos_id,qst_number,ans_text) VALUES('4','37','0');
INSERT INTO tb_ans_answers(pos_id,qst_number,ans_text) VALUES('4','38','1');
INSERT INTO tb_ans_answers(pos_id,qst_number,ans_text) VALUES('4','39','1');
INSERT INTO tb_ans_answers(pos_id,qst_number,ans_text) VALUES('4','45','1');
INSERT INTO tb_ans_answers(pos_id,qst_number,ans_text) VALUES('4','28','');
INSERT INTO tb_ans_answers(pos_id,qst_number,ans_text) VALUES('4','01','26');
INSERT INTO tb_ans_answers(pos_id,qst_number,ans_text) VALUES('4','49a','2');
INSERT INTO tb_ans_answers(pos_id,qst_number,ans_text) VALUES('4','42','0');
INSERT INTO tb_ans_answers(pos_id,qst_number,ans_text) VALUES('4','24','0');
INSERT INTO tb_ans_answers(pos_id,qst_number,ans_text) VALUES('4','13b','');
INSERT INTO tb_ans_answers(pos_id,qst_number,ans_text) VALUES('4','19','64|61|');
INSERT INTO tb_ans_answers(pos_id,qst_number,ans_text) VALUES('4','32b','1');
INSERT INTO tb_ans_answers(pos_id,qst_number,ans_text) VALUES('4','48a','');
INSERT INTO tb_ans_answers(pos_id,qst_number,ans_text) VALUES('4','20','1');
INSERT INTO tb_ans_answers(pos_id,qst_number,ans_text) VALUES('4','10','0');
INSERT INTO tb_ans_answers(pos_id,qst_number,ans_text) VALUES('4','09','0');
INSERT INTO tb_ans_answers(pos_id,qst_number,ans_text) VALUES('4','33','0');
INSERT INTO tb_ans_answers(pos_id,qst_number,ans_text) VALUES('4','17','0');
INSERT INTO tb_ans_answers(pos_id,qst_number,ans_text) VALUES('4','29','0|');
INSERT INTO tb_ans_answers(pos_id,qst_number,ans_text) VALUES('14','49b','1');
INSERT INTO tb_ans_answers(pos_id,qst_number,ans_text) VALUES('14','28','96|94|');
INSERT INTO tb_ans_answers(pos_id,qst_number,ans_text) VALUES('14','49c','5');
INSERT INTO tb_ans_answers(pos_id,qst_number,ans_text) VALUES('14','47','0');
INSERT INTO tb_ans_answers(pos_id,qst_number,ans_text) VALUES('14','09','0');
INSERT INTO tb_ans_answers(pos_id,qst_number,ans_text) VALUES('14','42','0');
INSERT INTO tb_ans_answers(pos_id,qst_number,ans_text) VALUES('14','35','1');
INSERT INTO tb_ans_answers(pos_id,qst_number,ans_text) VALUES('14','18b','2');
INSERT INTO tb_ans_answers(pos_id,qst_number,ans_text) VALUES('14','18a','53|');
INSERT INTO tb_ans_answers(pos_id,qst_number,ans_text) VALUES('14','46c','0');
INSERT INTO tb_ans_answers(pos_id,qst_number,ans_text) VALUES('14','04','4000-010');
INSERT INTO tb_ans_answers(pos_id,qst_number,ans_text) VALUES('14','48b','1');
INSERT INTO tb_ans_answers(pos_id,qst_number,ans_text) VALUES('14','24','1');
INSERT INTO tb_ans_answers(pos_id,qst_number,ans_text) VALUES('14','13b','39|36|');
INSERT INTO tb_ans_answers(pos_id,qst_number,ans_text) VALUES('14','31','0');
INSERT INTO tb_ans_answers(pos_id,qst_number,ans_text) VALUES('14','21','69|');
INSERT INTO tb_ans_answers(pos_id,qst_number,ans_text) VALUES('14','40','1');
INSERT INTO tb_ans_answers(pos_id,qst_number,ans_text) VALUES('14','16','48|46|');
INSERT INTO tb_ans_answers(pos_id,qst_number,ans_text) VALUES('14','25','1');
INSERT INTO tb_ans_answers(pos_id,qst_number,ans_text) VALUES('14','39','1');
INSERT INTO tb_ans_answers(pos_id,qst_number,ans_text) VALUES('14','26','1');
INSERT INTO tb_ans_answers(pos_id,qst_number,ans_text) VALUES('14','34','4');
INSERT INTO tb_ans_answers(pos_id,qst_number,ans_text) VALUES('14','20','1');
INSERT INTO tb_ans_answers(pos_id,qst_number,ans_text) VALUES('14','48a','1');
INSERT INTO tb_ans_answers(pos_id,qst_number,ans_text) VALUES('14','36','1');
INSERT INTO tb_ans_answers(pos_id,qst_number,ans_text) VALUES('14','44','134|');
INSERT INTO tb_ans_answers(pos_id,qst_number,ans_text) VALUES('14','11','');
INSERT INTO tb_ans_answers(pos_id,qst_number,ans_text) VALUES('14','02','Rua Cardeal Dom Américo, Bonfim, Porto');
INSERT INTO tb_ans_answers(pos_id,qst_number,ans_text) VALUES('14','07','2|1|');
INSERT INTO tb_ans_answers(pos_id,qst_number,ans_text) VALUES('14','14','1');
INSERT INTO tb_ans_answers(pos_id,qst_number,ans_text) VALUES('14','30','0');
INSERT INTO tb_ans_answers(pos_id,qst_number,ans_text) VALUES('14','41','0');
INSERT INTO tb_ans_answers(pos_id,qst_number,ans_text) VALUES('14','43','1');
INSERT INTO tb_ans_answers(pos_id,qst_number,ans_text) VALUES('14','13a','1');
INSERT INTO tb_ans_answers(pos_id,qst_number,ans_text) VALUES('14','29','3|3|3|1|');
INSERT INTO tb_ans_answers(pos_id,qst_number,ans_text) VALUES('14','23','1');
INSERT INTO tb_ans_answers(pos_id,qst_number,ans_text) VALUES('14','12','');
INSERT INTO tb_ans_answers(pos_id,qst_number,ans_text) VALUES('14','37','0');
INSERT INTO tb_ans_answers(pos_id,qst_number,ans_text) VALUES('14','08','17|13|10|');
INSERT INTO tb_ans_answers(pos_id,qst_number,ans_text) VALUES('14','46a','2');
INSERT INTO tb_ans_answers(pos_id,qst_number,ans_text) VALUES('14','01','27');
INSERT INTO tb_ans_answers(pos_id,qst_number,ans_text) VALUES('14','32b','2');
INSERT INTO tb_ans_answers(pos_id,qst_number,ans_text) VALUES('14','46b','1');
INSERT INTO tb_ans_answers(pos_id,qst_number,ans_text) VALUES('14','33','0');
INSERT INTO tb_ans_answers(pos_id,qst_number,ans_text) VALUES('14','45','1');
INSERT INTO tb_ans_answers(pos_id,qst_number,ans_text) VALUES('14','03','1.97');
INSERT INTO tb_ans_answers(pos_id,qst_number,ans_text) VALUES('14','05','41.15331738895792 -8.597660311742834');
INSERT INTO tb_ans_answers(pos_id,qst_number,ans_text) VALUES('14','19','63|62|');
INSERT INTO tb_ans_answers(pos_id,qst_number,ans_text) VALUES('14','10','0');
INSERT INTO tb_ans_answers(pos_id,qst_number,ans_text) VALUES('14','32a','1');
INSERT INTO tb_ans_answers(pos_id,qst_number,ans_text) VALUES('14','38','1');
INSERT INTO tb_ans_answers(pos_id,qst_number,ans_text) VALUES('14','15','3');
INSERT INTO tb_ans_answers(pos_id,qst_number,ans_text) VALUES('14','49a','2');
INSERT INTO tb_ans_answers(pos_id,qst_number,ans_text) VALUES('14','27','88|87|86|');
INSERT INTO tb_ans_answers(pos_id,qst_number,ans_text) VALUES('14','17','0');
INSERT INTO tb_ans_answers(pos_id,qst_number,ans_text) VALUES('14','22','1');
INSERT INTO tb_ans_answers(pos_id,qst_number,ans_text) VALUES('14','06','');
INSERT INTO tb_ans_answers(pos_id,qst_number,ans_text) VALUES('20','23','1');
INSERT INTO tb_ans_answers(pos_id,qst_number,ans_text) VALUES('20','37','0');
INSERT INTO tb_ans_answers(pos_id,qst_number,ans_text) VALUES('20','30','0');
INSERT INTO tb_ans_answers(pos_id,qst_number,ans_text) VALUES('20','42','0');
INSERT INTO tb_ans_answers(pos_id,qst_number,ans_text) VALUES('20','03','1.52');
INSERT INTO tb_ans_answers(pos_id,qst_number,ans_text) VALUES('20','32a','1');
INSERT INTO tb_ans_answers(pos_id,qst_number,ans_text) VALUES('20','45','1');
INSERT INTO tb_ans_answers(pos_id,qst_number,ans_text) VALUES('20','49a','3');
INSERT INTO tb_ans_answers(pos_id,qst_number,ans_text) VALUES('20','41','0');
INSERT INTO tb_ans_answers(pos_id,qst_number,ans_text) VALUES('20','17','1');
INSERT INTO tb_ans_answers(pos_id,qst_number,ans_text) VALUES('20','48a','1');
INSERT INTO tb_ans_answers(pos_id,qst_number,ans_text) VALUES('20','38','1');
INSERT INTO tb_ans_answers(pos_id,qst_number,ans_text) VALUES('20','18b','3');
INSERT INTO tb_ans_answers(pos_id,qst_number,ans_text) VALUES('20','35','1');
INSERT INTO tb_ans_answers(pos_id,qst_number,ans_text) VALUES('20','14','1');
INSERT INTO tb_ans_answers(pos_id,qst_number,ans_text) VALUES('20','29','0|');
INSERT INTO tb_ans_answers(pos_id,qst_number,ans_text) VALUES('20','46c','0');
INSERT INTO tb_ans_answers(pos_id,qst_number,ans_text) VALUES('20','25','1');
INSERT INTO tb_ans_answers(pos_id,qst_number,ans_text) VALUES('20','46a','1');
INSERT INTO tb_ans_answers(pos_id,qst_number,ans_text) VALUES('20','18a','53|');
INSERT INTO tb_ans_answers(pos_id,qst_number,ans_text) VALUES('20','16','272|');
INSERT INTO tb_ans_answers(pos_id,qst_number,ans_text) VALUES('20','48b','1');
INSERT INTO tb_ans_answers(pos_id,qst_number,ans_text) VALUES('20','19','64|61|');
INSERT INTO tb_ans_answers(pos_id,qst_number,ans_text) VALUES('20','06','1916');
INSERT INTO tb_ans_answers(pos_id,qst_number,ans_text) VALUES('20','27','');
INSERT INTO tb_ans_answers(pos_id,qst_number,ans_text) VALUES('20','32b','2');
INSERT INTO tb_ans_answers(pos_id,qst_number,ans_text) VALUES('20','33','1');
INSERT INTO tb_ans_answers(pos_id,qst_number,ans_text) VALUES('20','49c','5');
INSERT INTO tb_ans_answers(pos_id,qst_number,ans_text) VALUES('20','12','');
INSERT INTO tb_ans_answers(pos_id,qst_number,ans_text) VALUES('20','20','1');
INSERT INTO tb_ans_answers(pos_id,qst_number,ans_text) VALUES('20','44','136|135|');
INSERT INTO tb_ans_answers(pos_id,qst_number,ans_text) VALUES('20','46b','1');
INSERT INTO tb_ans_answers(pos_id,qst_number,ans_text) VALUES('20','22','2');
INSERT INTO tb_ans_answers(pos_id,qst_number,ans_text) VALUES('20','15','2');
INSERT INTO tb_ans_answers(pos_id,qst_number,ans_text) VALUES('20','28','');
INSERT INTO tb_ans_answers(pos_id,qst_number,ans_text) VALUES('20','21','69|');
INSERT INTO tb_ans_answers(pos_id,qst_number,ans_text) VALUES('20','13b','36|34|');
INSERT INTO tb_ans_answers(pos_id,qst_number,ans_text) VALUES('20','04','4099-037');
INSERT INTO tb_ans_answers(pos_id,qst_number,ans_text) VALUES('20','24','1');
INSERT INTO tb_ans_answers(pos_id,qst_number,ans_text) VALUES('20','34','4');
INSERT INTO tb_ans_answers(pos_id,qst_number,ans_text) VALUES('20','39','1');
INSERT INTO tb_ans_answers(pos_id,qst_number,ans_text) VALUES('20','43','1');
INSERT INTO tb_ans_answers(pos_id,qst_number,ans_text) VALUES('20','31','0');
INSERT INTO tb_ans_answers(pos_id,qst_number,ans_text) VALUES('20','10','0');
INSERT INTO tb_ans_answers(pos_id,qst_number,ans_text) VALUES('20','36','1');
INSERT INTO tb_ans_answers(pos_id,qst_number,ans_text) VALUES('20','47','0');
INSERT INTO tb_ans_answers(pos_id,qst_number,ans_text) VALUES('20','09','0');
INSERT INTO tb_ans_answers(pos_id,qst_number,ans_text) VALUES('20','02','Praça da República, Cedofeita, Porto');
INSERT INTO tb_ans_answers(pos_id,qst_number,ans_text) VALUES('20','40','1');
INSERT INTO tb_ans_answers(pos_id,qst_number,ans_text) VALUES('20','01','28');
INSERT INTO tb_ans_answers(pos_id,qst_number,ans_text) VALUES('20','26','0');
INSERT INTO tb_ans_answers(pos_id,qst_number,ans_text) VALUES('20','13a','1');
INSERT INTO tb_ans_answers(pos_id,qst_number,ans_text) VALUES('20','05','41.15443669008476 -8.612780654802918');
INSERT INTO tb_ans_answers(pos_id,qst_number,ans_text) VALUES('20','11','');
INSERT INTO tb_ans_answers(pos_id,qst_number,ans_text) VALUES('20','08','10|');
INSERT INTO tb_ans_answers(pos_id,qst_number,ans_text) VALUES('20','49b','5');
INSERT INTO tb_ans_answers(pos_id,qst_number,ans_text) VALUES('20','07','2|');
INSERT INTO tb_ans_answers(pos_id,qst_number,ans_text) VALUES('37','41','0');
INSERT INTO tb_ans_answers(pos_id,qst_number,ans_text) VALUES('37','33','0');
INSERT INTO tb_ans_answers(pos_id,qst_number,ans_text) VALUES('37','11','');
INSERT INTO tb_ans_answers(pos_id,qst_number,ans_text) VALUES('37','34','4');
INSERT INTO tb_ans_answers(pos_id,qst_number,ans_text) VALUES('37','23','0');
INSERT INTO tb_ans_answers(pos_id,qst_number,ans_text) VALUES('37','13b','');
INSERT INTO tb_ans_answers(pos_id,qst_number,ans_text) VALUES('37','29','0|');
INSERT INTO tb_ans_answers(pos_id,qst_number,ans_text) VALUES('37','07','2|');
INSERT INTO tb_ans_answers(pos_id,qst_number,ans_text) VALUES('37','17','1');
INSERT INTO tb_ans_answers(pos_id,qst_number,ans_text) VALUES('37','27','');
INSERT INTO tb_ans_answers(pos_id,qst_number,ans_text) VALUES('37','47','1');
INSERT INTO tb_ans_answers(pos_id,qst_number,ans_text) VALUES('37','31','0');
INSERT INTO tb_ans_answers(pos_id,qst_number,ans_text) VALUES('37','25','0');
INSERT INTO tb_ans_answers(pos_id,qst_number,ans_text) VALUES('37','16','49|');
INSERT INTO tb_ans_answers(pos_id,qst_number,ans_text) VALUES('37','09','0');
INSERT INTO tb_ans_answers(pos_id,qst_number,ans_text) VALUES('37','45','1');
INSERT INTO tb_ans_answers(pos_id,qst_number,ans_text) VALUES('37','24','1');
INSERT INTO tb_ans_answers(pos_id,qst_number,ans_text) VALUES('37','06','');
INSERT INTO tb_ans_answers(pos_id,qst_number,ans_text) VALUES('37','38','1');
INSERT INTO tb_ans_answers(pos_id,qst_number,ans_text) VALUES('37','12','');
INSERT INTO tb_ans_answers(pos_id,qst_number,ans_text) VALUES('37','42','0');
INSERT INTO tb_ans_answers(pos_id,qst_number,ans_text) VALUES('37','20','1');
INSERT INTO tb_ans_answers(pos_id,qst_number,ans_text) VALUES('37','36','1');
INSERT INTO tb_ans_answers(pos_id,qst_number,ans_text) VALUES('37','05','41.15161171850067 -8.67587878368795');
INSERT INTO tb_ans_answers(pos_id,qst_number,ans_text) VALUES('37','49b','5');
INSERT INTO tb_ans_answers(pos_id,qst_number,ans_text) VALUES('37','46b','1');
INSERT INTO tb_ans_answers(pos_id,qst_number,ans_text) VALUES('37','48b','');
INSERT INTO tb_ans_answers(pos_id,qst_number,ans_text) VALUES('37','28','');
INSERT INTO tb_ans_answers(pos_id,qst_number,ans_text) VALUES('37','04','4150-619');
INSERT INTO tb_ans_answers(pos_id,qst_number,ans_text) VALUES('37','19','64|62|');
INSERT INTO tb_ans_answers(pos_id,qst_number,ans_text) VALUES('37','30','0');
INSERT INTO tb_ans_answers(pos_id,qst_number,ans_text) VALUES('37','18b','5');
INSERT INTO tb_ans_answers(pos_id,qst_number,ans_text) VALUES('37','03','0.28');
INSERT INTO tb_ans_answers(pos_id,qst_number,ans_text) VALUES('37','14','1');
INSERT INTO tb_ans_answers(pos_id,qst_number,ans_text) VALUES('37','26','0');
INSERT INTO tb_ans_answers(pos_id,qst_number,ans_text) VALUES('37','22','2');
INSERT INTO tb_ans_answers(pos_id,qst_number,ans_text) VALUES('37','40','1');
INSERT INTO tb_ans_answers(pos_id,qst_number,ans_text) VALUES('37','13a','0');
INSERT INTO tb_ans_answers(pos_id,qst_number,ans_text) VALUES('37','02','Largo Capitão Pinheiro Torres de Meireles, Foz do Douro, Porto');
INSERT INTO tb_ans_answers(pos_id,qst_number,ans_text) VALUES('37','10','0');
INSERT INTO tb_ans_answers(pos_id,qst_number,ans_text) VALUES('37','46a','1');
INSERT INTO tb_ans_answers(pos_id,qst_number,ans_text) VALUES('37','08','10|');
INSERT INTO tb_ans_answers(pos_id,qst_number,ans_text) VALUES('37','39','1');
INSERT INTO tb_ans_answers(pos_id,qst_number,ans_text) VALUES('37','49c','5');
INSERT INTO tb_ans_answers(pos_id,qst_number,ans_text) VALUES('37','21','69|');
INSERT INTO tb_ans_answers(pos_id,qst_number,ans_text) VALUES('37','18a','53|');
INSERT INTO tb_ans_answers(pos_id,qst_number,ans_text) VALUES('37','49a','4');
INSERT INTO tb_ans_answers(pos_id,qst_number,ans_text) VALUES('37','01','29');
INSERT INTO tb_ans_answers(pos_id,qst_number,ans_text) VALUES('37','43','1');
INSERT INTO tb_ans_answers(pos_id,qst_number,ans_text) VALUES('37','44','136|');
INSERT INTO tb_ans_answers(pos_id,qst_number,ans_text) VALUES('37','35','1');
INSERT INTO tb_ans_answers(pos_id,qst_number,ans_text) VALUES('37','32b','1');
INSERT INTO tb_ans_answers(pos_id,qst_number,ans_text) VALUES('37','46c','0');
INSERT INTO tb_ans_answers(pos_id,qst_number,ans_text) VALUES('37','48a','');
INSERT INTO tb_ans_answers(pos_id,qst_number,ans_text) VALUES('37','15','1');
INSERT INTO tb_ans_answers(pos_id,qst_number,ans_text) VALUES('37','37','0');
INSERT INTO tb_ans_answers(pos_id,qst_number,ans_text) VALUES('37','32a','1');
INSERT INTO tb_ans_answers(pos_id,qst_number,ans_text) VALUES('38','11','');
INSERT INTO tb_ans_answers(pos_id,qst_number,ans_text) VALUES('38','25','1');
INSERT INTO tb_ans_answers(pos_id,qst_number,ans_text) VALUES('38','44','');
INSERT INTO tb_ans_answers(pos_id,qst_number,ans_text) VALUES('38','43','');
INSERT INTO tb_ans_answers(pos_id,qst_number,ans_text) VALUES('38','20','1');
INSERT INTO tb_ans_answers(pos_id,qst_number,ans_text) VALUES('38','16','47|');
INSERT INTO tb_ans_answers(pos_id,qst_number,ans_text) VALUES('38','08','10|');
INSERT INTO tb_ans_answers(pos_id,qst_number,ans_text) VALUES('38','40','');
INSERT INTO tb_ans_answers(pos_id,qst_number,ans_text) VALUES('38','06','');
INSERT INTO tb_ans_answers(pos_id,qst_number,ans_text) VALUES('38','21','69|');
INSERT INTO tb_ans_answers(pos_id,qst_number,ans_text) VALUES('38','03','0.12');
INSERT INTO tb_ans_answers(pos_id,qst_number,ans_text) VALUES('38','09','0');
INSERT INTO tb_ans_answers(pos_id,qst_number,ans_text) VALUES('38','18b','5');
INSERT INTO tb_ans_answers(pos_id,qst_number,ans_text) VALUES('38','48b','');
INSERT INTO tb_ans_answers(pos_id,qst_number,ans_text) VALUES('38','18a','53|');
INSERT INTO tb_ans_answers(pos_id,qst_number,ans_text) VALUES('38','42','0');
INSERT INTO tb_ans_answers(pos_id,qst_number,ans_text) VALUES('38','02','Travessa da Pena, Massarelos, Porto');
INSERT INTO tb_ans_answers(pos_id,qst_number,ans_text) VALUES('38','32b','');
INSERT INTO tb_ans_answers(pos_id,qst_number,ans_text) VALUES('38','28','');
INSERT INTO tb_ans_answers(pos_id,qst_number,ans_text) VALUES('38','23','1');
INSERT INTO tb_ans_answers(pos_id,qst_number,ans_text) VALUES('38','34','4');
INSERT INTO tb_ans_answers(pos_id,qst_number,ans_text) VALUES('38','29','0|');
INSERT INTO tb_ans_answers(pos_id,qst_number,ans_text) VALUES('38','13b','273|');
INSERT INTO tb_ans_answers(pos_id,qst_number,ans_text) VALUES('38','17','1');
INSERT INTO tb_ans_answers(pos_id,qst_number,ans_text) VALUES('38','04','4150-609');
INSERT INTO tb_ans_answers(pos_id,qst_number,ans_text) VALUES('38','46a','2');
INSERT INTO tb_ans_answers(pos_id,qst_number,ans_text) VALUES('38','35','1');
INSERT INTO tb_ans_answers(pos_id,qst_number,ans_text) VALUES('38','33','0');
INSERT INTO tb_ans_answers(pos_id,qst_number,ans_text) VALUES('38','12','');
INSERT INTO tb_ans_answers(pos_id,qst_number,ans_text) VALUES('38','15','1');
INSERT INTO tb_ans_answers(pos_id,qst_number,ans_text) VALUES('38','05','41.151057132743546 -8.6301763728261');
INSERT INTO tb_ans_answers(pos_id,qst_number,ans_text) VALUES('38','26','0');
INSERT INTO tb_ans_answers(pos_id,qst_number,ans_text) VALUES('38','19','64|62|');
INSERT INTO tb_ans_answers(pos_id,qst_number,ans_text) VALUES('38','49a','3');
INSERT INTO tb_ans_answers(pos_id,qst_number,ans_text) VALUES('38','13a','1');
INSERT INTO tb_ans_answers(pos_id,qst_number,ans_text) VALUES('38','38','1');
INSERT INTO tb_ans_answers(pos_id,qst_number,ans_text) VALUES('38','37','0');
INSERT INTO tb_ans_answers(pos_id,qst_number,ans_text) VALUES('38','47','1');
INSERT INTO tb_ans_answers(pos_id,qst_number,ans_text) VALUES('38','24','0');
INSERT INTO tb_ans_answers(pos_id,qst_number,ans_text) VALUES('38','32a','0');
INSERT INTO tb_ans_answers(pos_id,qst_number,ans_text) VALUES('38','10','0');
INSERT INTO tb_ans_answers(pos_id,qst_number,ans_text) VALUES('38','46c','0');
INSERT INTO tb_ans_answers(pos_id,qst_number,ans_text) VALUES('38','39','0');
INSERT INTO tb_ans_answers(pos_id,qst_number,ans_text) VALUES('38','01','30');
INSERT INTO tb_ans_answers(pos_id,qst_number,ans_text) VALUES('38','48a','');
INSERT INTO tb_ans_answers(pos_id,qst_number,ans_text) VALUES('38','27','');
INSERT INTO tb_ans_answers(pos_id,qst_number,ans_text) VALUES('38','41','0');
INSERT INTO tb_ans_answers(pos_id,qst_number,ans_text) VALUES('38','49b','5');
INSERT INTO tb_ans_answers(pos_id,qst_number,ans_text) VALUES('38','30','0');
INSERT INTO tb_ans_answers(pos_id,qst_number,ans_text) VALUES('38','31','0');
INSERT INTO tb_ans_answers(pos_id,qst_number,ans_text) VALUES('38','14','1');
INSERT INTO tb_ans_answers(pos_id,qst_number,ans_text) VALUES('38','46b','3');
INSERT INTO tb_ans_answers(pos_id,qst_number,ans_text) VALUES('38','45','2');
INSERT INTO tb_ans_answers(pos_id,qst_number,ans_text) VALUES('38','49c','5');
INSERT INTO tb_ans_answers(pos_id,qst_number,ans_text) VALUES('38','22','2');
INSERT INTO tb_ans_answers(pos_id,qst_number,ans_text) VALUES('38','07','2|');
INSERT INTO tb_ans_answers(pos_id,qst_number,ans_text) VALUES('38','36','1');
INSERT INTO tb_ans_answers(pos_id,qst_number,ans_text) VALUES('32','10','0');
INSERT INTO tb_ans_answers(pos_id,qst_number,ans_text) VALUES('32','34','4');
INSERT INTO tb_ans_answers(pos_id,qst_number,ans_text) VALUES('32','39','1');
INSERT INTO tb_ans_answers(pos_id,qst_number,ans_text) VALUES('32','26','0');
INSERT INTO tb_ans_answers(pos_id,qst_number,ans_text) VALUES('32','48a','');
INSERT INTO tb_ans_answers(pos_id,qst_number,ans_text) VALUES('32','18b','3');
INSERT INTO tb_ans_answers(pos_id,qst_number,ans_text) VALUES('32','08','10|');
INSERT INTO tb_ans_answers(pos_id,qst_number,ans_text) VALUES('32','19','65|64|61|');
INSERT INTO tb_ans_answers(pos_id,qst_number,ans_text) VALUES('32','16','47|');
INSERT INTO tb_ans_answers(pos_id,qst_number,ans_text) VALUES('32','40','1');
INSERT INTO tb_ans_answers(pos_id,qst_number,ans_text) VALUES('32','09','0');
INSERT INTO tb_ans_answers(pos_id,qst_number,ans_text) VALUES('32','43','1');
INSERT INTO tb_ans_answers(pos_id,qst_number,ans_text) VALUES('32','49c','5');
INSERT INTO tb_ans_answers(pos_id,qst_number,ans_text) VALUES('32','32a','0');
INSERT INTO tb_ans_answers(pos_id,qst_number,ans_text) VALUES('32','12','');
INSERT INTO tb_ans_answers(pos_id,qst_number,ans_text) VALUES('32','35','1');
INSERT INTO tb_ans_answers(pos_id,qst_number,ans_text) VALUES('32','18a','53|');
INSERT INTO tb_ans_answers(pos_id,qst_number,ans_text) VALUES('32','45','1');
INSERT INTO tb_ans_answers(pos_id,qst_number,ans_text) VALUES('32','24','0');
INSERT INTO tb_ans_answers(pos_id,qst_number,ans_text) VALUES('32','36','1');
INSERT INTO tb_ans_answers(pos_id,qst_number,ans_text) VALUES('32','17','1');
INSERT INTO tb_ans_answers(pos_id,qst_number,ans_text) VALUES('32','46c','0');
INSERT INTO tb_ans_answers(pos_id,qst_number,ans_text) VALUES('32','04','4150-429');
INSERT INTO tb_ans_answers(pos_id,qst_number,ans_text) VALUES('32','13a','1');
INSERT INTO tb_ans_answers(pos_id,qst_number,ans_text) VALUES('32','11','');
INSERT INTO tb_ans_answers(pos_id,qst_number,ans_text) VALUES('32','20','1');
INSERT INTO tb_ans_answers(pos_id,qst_number,ans_text) VALUES('32','44','134|');
INSERT INTO tb_ans_answers(pos_id,qst_number,ans_text) VALUES('32','21','69|');
INSERT INTO tb_ans_answers(pos_id,qst_number,ans_text) VALUES('32','46b','2');
INSERT INTO tb_ans_answers(pos_id,qst_number,ans_text) VALUES('32','33','0');
INSERT INTO tb_ans_answers(pos_id,qst_number,ans_text) VALUES('32','31','0');
INSERT INTO tb_ans_answers(pos_id,qst_number,ans_text) VALUES('32','05','41.15755899278866 -8.660813178867102');
INSERT INTO tb_ans_answers(pos_id,qst_number,ans_text) VALUES('32','42','0');
INSERT INTO tb_ans_answers(pos_id,qst_number,ans_text) VALUES('32','49a','3');
INSERT INTO tb_ans_answers(pos_id,qst_number,ans_text) VALUES('32','46a','2');
INSERT INTO tb_ans_answers(pos_id,qst_number,ans_text) VALUES('32','48b','');
INSERT INTO tb_ans_answers(pos_id,qst_number,ans_text) VALUES('32','06','1984');
INSERT INTO tb_ans_answers(pos_id,qst_number,ans_text) VALUES('32','13b','34|');
INSERT INTO tb_ans_answers(pos_id,qst_number,ans_text) VALUES('32','27','');
INSERT INTO tb_ans_answers(pos_id,qst_number,ans_text) VALUES('32','07','2|');
INSERT INTO tb_ans_answers(pos_id,qst_number,ans_text) VALUES('32','03','0.42');
INSERT INTO tb_ans_answers(pos_id,qst_number,ans_text) VALUES('32','47','1');
INSERT INTO tb_ans_answers(pos_id,qst_number,ans_text) VALUES('32','25','0');
INSERT INTO tb_ans_answers(pos_id,qst_number,ans_text) VALUES('32','49b','5');
INSERT INTO tb_ans_answers(pos_id,qst_number,ans_text) VALUES('32','37','0');
INSERT INTO tb_ans_answers(pos_id,qst_number,ans_text) VALUES('32','41','0');
INSERT INTO tb_ans_answers(pos_id,qst_number,ans_text) VALUES('32','01','31');
INSERT INTO tb_ans_answers(pos_id,qst_number,ans_text) VALUES('32','38','1');
INSERT INTO tb_ans_answers(pos_id,qst_number,ans_text) VALUES('32','02','Largo Dom João III, Lordelo do Ouro, Porto');
INSERT INTO tb_ans_answers(pos_id,qst_number,ans_text) VALUES('32','32b','');
INSERT INTO tb_ans_answers(pos_id,qst_number,ans_text) VALUES('32','22','2');
INSERT INTO tb_ans_answers(pos_id,qst_number,ans_text) VALUES('32','23','1');
INSERT INTO tb_ans_answers(pos_id,qst_number,ans_text) VALUES('32','28','');
INSERT INTO tb_ans_answers(pos_id,qst_number,ans_text) VALUES('32','14','1');
INSERT INTO tb_ans_answers(pos_id,qst_number,ans_text) VALUES('32','29','0|');
INSERT INTO tb_ans_answers(pos_id,qst_number,ans_text) VALUES('32','30','0');
INSERT INTO tb_ans_answers(pos_id,qst_number,ans_text) VALUES('32','15','1');
INSERT INTO tb_ans_answers(pos_id,qst_number,ans_text) VALUES('39','48b','');
INSERT INTO tb_ans_answers(pos_id,qst_number,ans_text) VALUES('39','01','32');
INSERT INTO tb_ans_answers(pos_id,qst_number,ans_text) VALUES('39','27','');
INSERT INTO tb_ans_answers(pos_id,qst_number,ans_text) VALUES('39','42','0');
INSERT INTO tb_ans_answers(pos_id,qst_number,ans_text) VALUES('39','46c','0');
INSERT INTO tb_ans_answers(pos_id,qst_number,ans_text) VALUES('39','14','1');
INSERT INTO tb_ans_answers(pos_id,qst_number,ans_text) VALUES('39','29','0|');
INSERT INTO tb_ans_answers(pos_id,qst_number,ans_text) VALUES('39','32a','0');
INSERT INTO tb_ans_answers(pos_id,qst_number,ans_text) VALUES('39','13a','0');
INSERT INTO tb_ans_answers(pos_id,qst_number,ans_text) VALUES('39','31','0');
INSERT INTO tb_ans_answers(pos_id,qst_number,ans_text) VALUES('39','43','');
INSERT INTO tb_ans_answers(pos_id,qst_number,ans_text) VALUES('39','07','3|');
INSERT INTO tb_ans_answers(pos_id,qst_number,ans_text) VALUES('39','09','0');
INSERT INTO tb_ans_answers(pos_id,qst_number,ans_text) VALUES('39','25','1');
INSERT INTO tb_ans_answers(pos_id,qst_number,ans_text) VALUES('39','06','');
INSERT INTO tb_ans_answers(pos_id,qst_number,ans_text) VALUES('39','22','2');
INSERT INTO tb_ans_answers(pos_id,qst_number,ans_text) VALUES('39','24','0');
INSERT INTO tb_ans_answers(pos_id,qst_number,ans_text) VALUES('39','46b','1');
INSERT INTO tb_ans_answers(pos_id,qst_number,ans_text) VALUES('39','35','1');
INSERT INTO tb_ans_answers(pos_id,qst_number,ans_text) VALUES('39','12','');
INSERT INTO tb_ans_answers(pos_id,qst_number,ans_text) VALUES('39','19','');
INSERT INTO tb_ans_answers(pos_id,qst_number,ans_text) VALUES('39','34','4');
INSERT INTO tb_ans_answers(pos_id,qst_number,ans_text) VALUES('39','46a','1');
INSERT INTO tb_ans_answers(pos_id,qst_number,ans_text) VALUES('39','10','0');
INSERT INTO tb_ans_answers(pos_id,qst_number,ans_text) VALUES('39','15','1');
INSERT INTO tb_ans_answers(pos_id,qst_number,ans_text) VALUES('39','18b','');
INSERT INTO tb_ans_answers(pos_id,qst_number,ans_text) VALUES('39','49b','5');
INSERT INTO tb_ans_answers(pos_id,qst_number,ans_text) VALUES('39','26','0');
INSERT INTO tb_ans_answers(pos_id,qst_number,ans_text) VALUES('39','08','');
INSERT INTO tb_ans_answers(pos_id,qst_number,ans_text) VALUES('39','21','69|');
INSERT INTO tb_ans_answers(pos_id,qst_number,ans_text) VALUES('39','16','46|');
INSERT INTO tb_ans_answers(pos_id,qst_number,ans_text) VALUES('39','41','0');
INSERT INTO tb_ans_answers(pos_id,qst_number,ans_text) VALUES('39','40','');
INSERT INTO tb_ans_answers(pos_id,qst_number,ans_text) VALUES('39','32b','');
INSERT INTO tb_ans_answers(pos_id,qst_number,ans_text) VALUES('39','38','1');
INSERT INTO tb_ans_answers(pos_id,qst_number,ans_text) VALUES('39','45','1');
INSERT INTO tb_ans_answers(pos_id,qst_number,ans_text) VALUES('39','49c','5');
INSERT INTO tb_ans_answers(pos_id,qst_number,ans_text) VALUES('39','02','Largo dos Cisnes, Ramalde, Porto');
INSERT INTO tb_ans_answers(pos_id,qst_number,ans_text) VALUES('39','36','1');
INSERT INTO tb_ans_answers(pos_id,qst_number,ans_text) VALUES('39','47','1');
INSERT INTO tb_ans_answers(pos_id,qst_number,ans_text) VALUES('39','13b','');
INSERT INTO tb_ans_answers(pos_id,qst_number,ans_text) VALUES('39','03','0.09');
INSERT INTO tb_ans_answers(pos_id,qst_number,ans_text) VALUES('39','30','0');
INSERT INTO tb_ans_answers(pos_id,qst_number,ans_text) VALUES('39','23','0');
INSERT INTO tb_ans_answers(pos_id,qst_number,ans_text) VALUES('39','04','4250-157');
INSERT INTO tb_ans_answers(pos_id,qst_number,ans_text) VALUES('39','20','0');
INSERT INTO tb_ans_answers(pos_id,qst_number,ans_text) VALUES('39','44','');
INSERT INTO tb_ans_answers(pos_id,qst_number,ans_text) VALUES('39','39','0');
INSERT INTO tb_ans_answers(pos_id,qst_number,ans_text) VALUES('39','05','41.18025874088279 -8.637292921543121');
INSERT INTO tb_ans_answers(pos_id,qst_number,ans_text) VALUES('39','11','');
INSERT INTO tb_ans_answers(pos_id,qst_number,ans_text) VALUES('39','17','0');
INSERT INTO tb_ans_answers(pos_id,qst_number,ans_text) VALUES('39','33','0');
INSERT INTO tb_ans_answers(pos_id,qst_number,ans_text) VALUES('39','28','');
INSERT INTO tb_ans_answers(pos_id,qst_number,ans_text) VALUES('39','18a','55|');
INSERT INTO tb_ans_answers(pos_id,qst_number,ans_text) VALUES('39','49a','5');
INSERT INTO tb_ans_answers(pos_id,qst_number,ans_text) VALUES('39','48a','');
INSERT INTO tb_ans_answers(pos_id,qst_number,ans_text) VALUES('39','37','0');
INSERT INTO tb_ans_answers(pos_id,qst_number,ans_text) VALUES('40','31','0');
INSERT INTO tb_ans_answers(pos_id,qst_number,ans_text) VALUES('40','10','1');
INSERT INTO tb_ans_answers(pos_id,qst_number,ans_text) VALUES('40','32a','0');
INSERT INTO tb_ans_answers(pos_id,qst_number,ans_text) VALUES('40','36','1');
INSERT INTO tb_ans_answers(pos_id,qst_number,ans_text) VALUES('40','46a','1');
INSERT INTO tb_ans_answers(pos_id,qst_number,ans_text) VALUES('40','18a','53|');
INSERT INTO tb_ans_answers(pos_id,qst_number,ans_text) VALUES('40','46c','0');
INSERT INTO tb_ans_answers(pos_id,qst_number,ans_text) VALUES('40','07','2|');
INSERT INTO tb_ans_answers(pos_id,qst_number,ans_text) VALUES('40','41','0');
INSERT INTO tb_ans_answers(pos_id,qst_number,ans_text) VALUES('40','18b','3');
INSERT INTO tb_ans_answers(pos_id,qst_number,ans_text) VALUES('40','26','0');
INSERT INTO tb_ans_answers(pos_id,qst_number,ans_text) VALUES('40','33','0');
INSERT INTO tb_ans_answers(pos_id,qst_number,ans_text) VALUES('40','29','0|');
INSERT INTO tb_ans_answers(pos_id,qst_number,ans_text) VALUES('40','40','1');
INSERT INTO tb_ans_answers(pos_id,qst_number,ans_text) VALUES('40','45','1');
INSERT INTO tb_ans_answers(pos_id,qst_number,ans_text) VALUES('40','04','4000-312');
INSERT INTO tb_ans_answers(pos_id,qst_number,ans_text) VALUES('40','27','');
INSERT INTO tb_ans_answers(pos_id,qst_number,ans_text) VALUES('40','49b','5');
INSERT INTO tb_ans_answers(pos_id,qst_number,ans_text) VALUES('40','09','0');
INSERT INTO tb_ans_answers(pos_id,qst_number,ans_text) VALUES('40','39','1');
INSERT INTO tb_ans_answers(pos_id,qst_number,ans_text) VALUES('40','13a','1');
INSERT INTO tb_ans_answers(pos_id,qst_number,ans_text) VALUES('40','28','');
INSERT INTO tb_ans_answers(pos_id,qst_number,ans_text) VALUES('40','30','0');
INSERT INTO tb_ans_answers(pos_id,qst_number,ans_text) VALUES('40','01','33');
INSERT INTO tb_ans_answers(pos_id,qst_number,ans_text) VALUES('40','21','69|');
INSERT INTO tb_ans_answers(pos_id,qst_number,ans_text) VALUES('40','48a','1');
INSERT INTO tb_ans_answers(pos_id,qst_number,ans_text) VALUES('40','06','');
INSERT INTO tb_ans_answers(pos_id,qst_number,ans_text) VALUES('40','02','Largo Escultor José Moreira Silva, Bonfim, Porto');
INSERT INTO tb_ans_answers(pos_id,qst_number,ans_text) VALUES('40','16','46|');
INSERT INTO tb_ans_answers(pos_id,qst_number,ans_text) VALUES('40','49c','5');
INSERT INTO tb_ans_answers(pos_id,qst_number,ans_text) VALUES('40','03','0.17');
INSERT INTO tb_ans_answers(pos_id,qst_number,ans_text) VALUES('40','34','4');
INSERT INTO tb_ans_answers(pos_id,qst_number,ans_text) VALUES('40','43','1');
INSERT INTO tb_ans_answers(pos_id,qst_number,ans_text) VALUES('40','47','0');
INSERT INTO tb_ans_answers(pos_id,qst_number,ans_text) VALUES('40','14','1');
INSERT INTO tb_ans_answers(pos_id,qst_number,ans_text) VALUES('40','49a','4');
INSERT INTO tb_ans_answers(pos_id,qst_number,ans_text) VALUES('40','17','1');
INSERT INTO tb_ans_answers(pos_id,qst_number,ans_text) VALUES('40','42','0');
INSERT INTO tb_ans_answers(pos_id,qst_number,ans_text) VALUES('40','12','1');
INSERT INTO tb_ans_answers(pos_id,qst_number,ans_text) VALUES('40','44','135|');
INSERT INTO tb_ans_answers(pos_id,qst_number,ans_text) VALUES('40','19','64|61|');
INSERT INTO tb_ans_answers(pos_id,qst_number,ans_text) VALUES('40','24','0');
INSERT INTO tb_ans_answers(pos_id,qst_number,ans_text) VALUES('40','05','41.15489624103166 -8.602703120559454');
INSERT INTO tb_ans_answers(pos_id,qst_number,ans_text) VALUES('40','15','1');
INSERT INTO tb_ans_answers(pos_id,qst_number,ans_text) VALUES('40','48b','1');
INSERT INTO tb_ans_answers(pos_id,qst_number,ans_text) VALUES('40','08','10|');
INSERT INTO tb_ans_answers(pos_id,qst_number,ans_text) VALUES('40','20','1');
INSERT INTO tb_ans_answers(pos_id,qst_number,ans_text) VALUES('40','35','1');
INSERT INTO tb_ans_answers(pos_id,qst_number,ans_text) VALUES('40','23','0');
INSERT INTO tb_ans_answers(pos_id,qst_number,ans_text) VALUES('40','22','2');
INSERT INTO tb_ans_answers(pos_id,qst_number,ans_text) VALUES('40','37','0');
INSERT INTO tb_ans_answers(pos_id,qst_number,ans_text) VALUES('40','32b','');
INSERT INTO tb_ans_answers(pos_id,qst_number,ans_text) VALUES('40','46b','1');
INSERT INTO tb_ans_answers(pos_id,qst_number,ans_text) VALUES('40','11','25|');
INSERT INTO tb_ans_answers(pos_id,qst_number,ans_text) VALUES('40','38','1');
INSERT INTO tb_ans_answers(pos_id,qst_number,ans_text) VALUES('40','25','1');
INSERT INTO tb_ans_answers(pos_id,qst_number,ans_text) VALUES('40','13b','36|34|');
INSERT INTO tb_ans_answers(pos_id,qst_number,ans_text) VALUES('42','49b','5');
INSERT INTO tb_ans_answers(pos_id,qst_number,ans_text) VALUES('42','28','');
INSERT INTO tb_ans_answers(pos_id,qst_number,ans_text) VALUES('42','22','2');
INSERT INTO tb_ans_answers(pos_id,qst_number,ans_text) VALUES('42','03','0.21');
INSERT INTO tb_ans_answers(pos_id,qst_number,ans_text) VALUES('42','49a','4');
INSERT INTO tb_ans_answers(pos_id,qst_number,ans_text) VALUES('42','17','1');
INSERT INTO tb_ans_answers(pos_id,qst_number,ans_text) VALUES('42','16','46|');
INSERT INTO tb_ans_answers(pos_id,qst_number,ans_text) VALUES('42','42','0');
INSERT INTO tb_ans_answers(pos_id,qst_number,ans_text) VALUES('42','06','');
INSERT INTO tb_ans_answers(pos_id,qst_number,ans_text) VALUES('42','46a','1');
INSERT INTO tb_ans_answers(pos_id,qst_number,ans_text) VALUES('42','48b','');
INSERT INTO tb_ans_answers(pos_id,qst_number,ans_text) VALUES('42','47','1');
INSERT INTO tb_ans_answers(pos_id,qst_number,ans_text) VALUES('42','48a','');
INSERT INTO tb_ans_answers(pos_id,qst_number,ans_text) VALUES('42','07','2|');
INSERT INTO tb_ans_answers(pos_id,qst_number,ans_text) VALUES('42','49c','5');
INSERT INTO tb_ans_answers(pos_id,qst_number,ans_text) VALUES('42','05','41.15036099029038 -8.623430980369449');
INSERT INTO tb_ans_answers(pos_id,qst_number,ans_text) VALUES('42','40','');
INSERT INTO tb_ans_answers(pos_id,qst_number,ans_text) VALUES('42','30','0');
INSERT INTO tb_ans_answers(pos_id,qst_number,ans_text) VALUES('42','46b','2');
INSERT INTO tb_ans_answers(pos_id,qst_number,ans_text) VALUES('42','10','1');
INSERT INTO tb_ans_answers(pos_id,qst_number,ans_text) VALUES('42','43','1');
INSERT INTO tb_ans_answers(pos_id,qst_number,ans_text) VALUES('42','38','1');
INSERT INTO tb_ans_answers(pos_id,qst_number,ans_text) VALUES('42','14','1');
INSERT INTO tb_ans_answers(pos_id,qst_number,ans_text) VALUES('42','37','0');
INSERT INTO tb_ans_answers(pos_id,qst_number,ans_text) VALUES('42','09','0');
INSERT INTO tb_ans_answers(pos_id,qst_number,ans_text) VALUES('42','36','1');
INSERT INTO tb_ans_answers(pos_id,qst_number,ans_text) VALUES('42','19','65|64|61|');
INSERT INTO tb_ans_answers(pos_id,qst_number,ans_text) VALUES('42','18b','3');
INSERT INTO tb_ans_answers(pos_id,qst_number,ans_text) VALUES('42','29','0|');
INSERT INTO tb_ans_answers(pos_id,qst_number,ans_text) VALUES('42','04','4050-371');
INSERT INTO tb_ans_answers(pos_id,qst_number,ans_text) VALUES('42','32a','0');
INSERT INTO tb_ans_answers(pos_id,qst_number,ans_text) VALUES('42','08','10|');
INSERT INTO tb_ans_answers(pos_id,qst_number,ans_text) VALUES('42','23','0');
INSERT INTO tb_ans_answers(pos_id,qst_number,ans_text) VALUES('42','41','0');
INSERT INTO tb_ans_answers(pos_id,qst_number,ans_text) VALUES('42','15','1');
INSERT INTO tb_ans_answers(pos_id,qst_number,ans_text) VALUES('42','46c','0');
INSERT INTO tb_ans_answers(pos_id,qst_number,ans_text) VALUES('42','27','');
INSERT INTO tb_ans_answers(pos_id,qst_number,ans_text) VALUES('42','11','25|');
INSERT INTO tb_ans_answers(pos_id,qst_number,ans_text) VALUES('42','33','0');
INSERT INTO tb_ans_answers(pos_id,qst_number,ans_text) VALUES('42','26','0');
INSERT INTO tb_ans_answers(pos_id,qst_number,ans_text) VALUES('42','34','4');
INSERT INTO tb_ans_answers(pos_id,qst_number,ans_text) VALUES('42','20','1');
INSERT INTO tb_ans_answers(pos_id,qst_number,ans_text) VALUES('42','32b','');
INSERT INTO tb_ans_answers(pos_id,qst_number,ans_text) VALUES('42','18a','53|');
INSERT INTO tb_ans_answers(pos_id,qst_number,ans_text) VALUES('42','02','Largo Maternidade Júlio Dinis, Massarelos, Porto');
INSERT INTO tb_ans_answers(pos_id,qst_number,ans_text) VALUES('42','12','1');
INSERT INTO tb_ans_answers(pos_id,qst_number,ans_text) VALUES('42','31','0');
INSERT INTO tb_ans_answers(pos_id,qst_number,ans_text) VALUES('42','45','1');
INSERT INTO tb_ans_answers(pos_id,qst_number,ans_text) VALUES('42','24','0');
INSERT INTO tb_ans_answers(pos_id,qst_number,ans_text) VALUES('42','13b','');
INSERT INTO tb_ans_answers(pos_id,qst_number,ans_text) VALUES('42','35','1');
INSERT INTO tb_ans_answers(pos_id,qst_number,ans_text) VALUES('42','01','34');
INSERT INTO tb_ans_answers(pos_id,qst_number,ans_text) VALUES('42','21','69|');
INSERT INTO tb_ans_answers(pos_id,qst_number,ans_text) VALUES('42','25','0');
INSERT INTO tb_ans_answers(pos_id,qst_number,ans_text) VALUES('42','44','135|');
INSERT INTO tb_ans_answers(pos_id,qst_number,ans_text) VALUES('42','39','0');
INSERT INTO tb_ans_answers(pos_id,qst_number,ans_text) VALUES('42','13a','0');
INSERT INTO tb_ans_answers(pos_id,qst_number,ans_text) VALUES('43','49c','5');
INSERT INTO tb_ans_answers(pos_id,qst_number,ans_text) VALUES('43','01','35');
INSERT INTO tb_ans_answers(pos_id,qst_number,ans_text) VALUES('43','04','4000-538');
INSERT INTO tb_ans_answers(pos_id,qst_number,ans_text) VALUES('43','45','1');
INSERT INTO tb_ans_answers(pos_id,qst_number,ans_text) VALUES('43','32a','0');
INSERT INTO tb_ans_answers(pos_id,qst_number,ans_text) VALUES('43','22','2');
INSERT INTO tb_ans_answers(pos_id,qst_number,ans_text) VALUES('43','15','1');
INSERT INTO tb_ans_answers(pos_id,qst_number,ans_text) VALUES('43','14','1');
INSERT INTO tb_ans_answers(pos_id,qst_number,ans_text) VALUES('43','17','1');
INSERT INTO tb_ans_answers(pos_id,qst_number,ans_text) VALUES('43','07','2|');
INSERT INTO tb_ans_answers(pos_id,qst_number,ans_text) VALUES('43','16','274|');
INSERT INTO tb_ans_answers(pos_id,qst_number,ans_text) VALUES('43','30','0');
INSERT INTO tb_ans_answers(pos_id,qst_number,ans_text) VALUES('43','40','1');
INSERT INTO tb_ans_answers(pos_id,qst_number,ans_text) VALUES('43','49b','5');
INSERT INTO tb_ans_answers(pos_id,qst_number,ans_text) VALUES('43','29','0|');
INSERT INTO tb_ans_answers(pos_id,qst_number,ans_text) VALUES('43','43','1');
INSERT INTO tb_ans_answers(pos_id,qst_number,ans_text) VALUES('43','35','1');
INSERT INTO tb_ans_answers(pos_id,qst_number,ans_text) VALUES('43','41','0');
INSERT INTO tb_ans_answers(pos_id,qst_number,ans_text) VALUES('43','11','');
INSERT INTO tb_ans_answers(pos_id,qst_number,ans_text) VALUES('43','32b','');
INSERT INTO tb_ans_answers(pos_id,qst_number,ans_text) VALUES('43','31','0');
INSERT INTO tb_ans_answers(pos_id,qst_number,ans_text) VALUES('43','47','0');
INSERT INTO tb_ans_answers(pos_id,qst_number,ans_text) VALUES('43','33','0');
INSERT INTO tb_ans_answers(pos_id,qst_number,ans_text) VALUES('43','46c','0');
INSERT INTO tb_ans_answers(pos_id,qst_number,ans_text) VALUES('43','26','0');
INSERT INTO tb_ans_answers(pos_id,qst_number,ans_text) VALUES('43','37','0');
INSERT INTO tb_ans_answers(pos_id,qst_number,ans_text) VALUES('43','09','0');
INSERT INTO tb_ans_answers(pos_id,qst_number,ans_text) VALUES('43','48a','1');
INSERT INTO tb_ans_answers(pos_id,qst_number,ans_text) VALUES('43','13a','1');
INSERT INTO tb_ans_answers(pos_id,qst_number,ans_text) VALUES('43','42','0');
INSERT INTO tb_ans_answers(pos_id,qst_number,ans_text) VALUES('43','21','69|');
INSERT INTO tb_ans_answers(pos_id,qst_number,ans_text) VALUES('43','18a','53|');
INSERT INTO tb_ans_answers(pos_id,qst_number,ans_text) VALUES('43','08','10|');
INSERT INTO tb_ans_answers(pos_id,qst_number,ans_text) VALUES('43','44','135|');
INSERT INTO tb_ans_answers(pos_id,qst_number,ans_text) VALUES('43','12','');
INSERT INTO tb_ans_answers(pos_id,qst_number,ans_text) VALUES('43','28','');
INSERT INTO tb_ans_answers(pos_id,qst_number,ans_text) VALUES('43','10','0');
INSERT INTO tb_ans_answers(pos_id,qst_number,ans_text) VALUES('43','20','1');
INSERT INTO tb_ans_answers(pos_id,qst_number,ans_text) VALUES('43','13b','36|');
INSERT INTO tb_ans_answers(pos_id,qst_number,ans_text) VALUES('43','27','');
INSERT INTO tb_ans_answers(pos_id,qst_number,ans_text) VALUES('43','23','1');
INSERT INTO tb_ans_answers(pos_id,qst_number,ans_text) VALUES('43','18b','5');
INSERT INTO tb_ans_answers(pos_id,qst_number,ans_text) VALUES('43','05','41.15308577552273 -8.608169361948967');
INSERT INTO tb_ans_answers(pos_id,qst_number,ans_text) VALUES('43','02','Largo Dr. Tito Fontes, Santo Ildefonso, Porto');
INSERT INTO tb_ans_answers(pos_id,qst_number,ans_text) VALUES('43','36','1');
INSERT INTO tb_ans_answers(pos_id,qst_number,ans_text) VALUES('43','25','1');
INSERT INTO tb_ans_answers(pos_id,qst_number,ans_text) VALUES('43','34','4');
INSERT INTO tb_ans_answers(pos_id,qst_number,ans_text) VALUES('43','03','0.12');
INSERT INTO tb_ans_answers(pos_id,qst_number,ans_text) VALUES('43','38','0');
INSERT INTO tb_ans_answers(pos_id,qst_number,ans_text) VALUES('43','48b','1');
INSERT INTO tb_ans_answers(pos_id,qst_number,ans_text) VALUES('43','24','0');
INSERT INTO tb_ans_answers(pos_id,qst_number,ans_text) VALUES('43','06','');
INSERT INTO tb_ans_answers(pos_id,qst_number,ans_text) VALUES('43','19','63|62|');
INSERT INTO tb_ans_answers(pos_id,qst_number,ans_text) VALUES('43','46b','1');
INSERT INTO tb_ans_answers(pos_id,qst_number,ans_text) VALUES('43','49a','4');
INSERT INTO tb_ans_answers(pos_id,qst_number,ans_text) VALUES('43','46a','1');
INSERT INTO tb_ans_answers(pos_id,qst_number,ans_text) VALUES('43','39','1');
INSERT INTO tb_ans_answers(pos_id,qst_number,ans_text) VALUES('13','37','1');
INSERT INTO tb_ans_answers(pos_id,qst_number,ans_text) VALUES('13','20','1');
INSERT INTO tb_ans_answers(pos_id,qst_number,ans_text) VALUES('13','09','0');
INSERT INTO tb_ans_answers(pos_id,qst_number,ans_text) VALUES('13','06','1997');
INSERT INTO tb_ans_answers(pos_id,qst_number,ans_text) VALUES('13','46b','');
INSERT INTO tb_ans_answers(pos_id,qst_number,ans_text) VALUES('13','42','1');
INSERT INTO tb_ans_answers(pos_id,qst_number,ans_text) VALUES('13','12','1');
INSERT INTO tb_ans_answers(pos_id,qst_number,ans_text) VALUES('13','33','1');
INSERT INTO tb_ans_answers(pos_id,qst_number,ans_text) VALUES('13','28','95|94|');
INSERT INTO tb_ans_answers(pos_id,qst_number,ans_text) VALUES('13','26','1');
INSERT INTO tb_ans_answers(pos_id,qst_number,ans_text) VALUES('13','31','1');
INSERT INTO tb_ans_answers(pos_id,qst_number,ans_text) VALUES('13','10','1');
INSERT INTO tb_ans_answers(pos_id,qst_number,ans_text) VALUES('13','48b','0');
INSERT INTO tb_ans_answers(pos_id,qst_number,ans_text) VALUES('13','48a','1');
INSERT INTO tb_ans_answers(pos_id,qst_number,ans_text) VALUES('13','08','17|11|10|');
INSERT INTO tb_ans_answers(pos_id,qst_number,ans_text) VALUES('13','21','69|');
INSERT INTO tb_ans_answers(pos_id,qst_number,ans_text) VALUES('13','41','0');
INSERT INTO tb_ans_answers(pos_id,qst_number,ans_text) VALUES('13','44','135|134|');
INSERT INTO tb_ans_answers(pos_id,qst_number,ans_text) VALUES('13','49c','2');
INSERT INTO tb_ans_answers(pos_id,qst_number,ans_text) VALUES('13','18b','2');
INSERT INTO tb_ans_answers(pos_id,qst_number,ans_text) VALUES('13','18a','54|53|');
INSERT INTO tb_ans_answers(pos_id,qst_number,ans_text) VALUES('13','38','1');
INSERT INTO tb_ans_answers(pos_id,qst_number,ans_text) VALUES('13','46c','');
INSERT INTO tb_ans_answers(pos_id,qst_number,ans_text) VALUES('13','32b','1');
INSERT INTO tb_ans_answers(pos_id,qst_number,ans_text) VALUES('13','24','0');
INSERT INTO tb_ans_answers(pos_id,qst_number,ans_text) VALUES('13','36','1');
INSERT INTO tb_ans_answers(pos_id,qst_number,ans_text) VALUES('13','13b','38|37|36|');
INSERT INTO tb_ans_answers(pos_id,qst_number,ans_text) VALUES('13','04','4150-262');
INSERT INTO tb_ans_answers(pos_id,qst_number,ans_text) VALUES('13','11','23|');
INSERT INTO tb_ans_answers(pos_id,qst_number,ans_text) VALUES('13','29','2|1|3|');
INSERT INTO tb_ans_answers(pos_id,qst_number,ans_text) VALUES('13','34','4');
INSERT INTO tb_ans_answers(pos_id,qst_number,ans_text) VALUES('13','39','1');
INSERT INTO tb_ans_answers(pos_id,qst_number,ans_text) VALUES('13','15','3');
INSERT INTO tb_ans_answers(pos_id,qst_number,ans_text) VALUES('13','14','1');
INSERT INTO tb_ans_answers(pos_id,qst_number,ans_text) VALUES('13','27','90|89|88|87|86|85|');
INSERT INTO tb_ans_answers(pos_id,qst_number,ans_text) VALUES('13','03','8.14');
INSERT INTO tb_ans_answers(pos_id,qst_number,ans_text) VALUES('13','01','37');
INSERT INTO tb_ans_answers(pos_id,qst_number,ans_text) VALUES('13','05','41.15191692061046 -8.658395670354366');
INSERT INTO tb_ans_answers(pos_id,qst_number,ans_text) VALUES('13','40','1');
INSERT INTO tb_ans_answers(pos_id,qst_number,ans_text) VALUES('13','07','2|');
INSERT INTO tb_ans_answers(pos_id,qst_number,ans_text) VALUES('13','25','1');
INSERT INTO tb_ans_answers(pos_id,qst_number,ans_text) VALUES('13','17','1');
INSERT INTO tb_ans_answers(pos_id,qst_number,ans_text) VALUES('13','22','1');
INSERT INTO tb_ans_answers(pos_id,qst_number,ans_text) VALUES('13','49b','3');
INSERT INTO tb_ans_answers(pos_id,qst_number,ans_text) VALUES('13','46a','3');
INSERT INTO tb_ans_answers(pos_id,qst_number,ans_text) VALUES('13','02','Rua Diogo Botelho, Lordelo do Ouro, Porto');
INSERT INTO tb_ans_answers(pos_id,qst_number,ans_text) VALUES('13','49a','1');
INSERT INTO tb_ans_answers(pos_id,qst_number,ans_text) VALUES('13','23','0');
INSERT INTO tb_ans_answers(pos_id,qst_number,ans_text) VALUES('13','45','3');
INSERT INTO tb_ans_answers(pos_id,qst_number,ans_text) VALUES('13','30','0');
INSERT INTO tb_ans_answers(pos_id,qst_number,ans_text) VALUES('13','43','1');
INSERT INTO tb_ans_answers(pos_id,qst_number,ans_text) VALUES('13','13a','1');
INSERT INTO tb_ans_answers(pos_id,qst_number,ans_text) VALUES('13','47','0');
INSERT INTO tb_ans_answers(pos_id,qst_number,ans_text) VALUES('13','19','65|281|');
INSERT INTO tb_ans_answers(pos_id,qst_number,ans_text) VALUES('13','32a','1');
INSERT INTO tb_ans_answers(pos_id,qst_number,ans_text) VALUES('13','35','1');
INSERT INTO tb_ans_answers(pos_id,qst_number,ans_text) VALUES('13','16','49|');
INSERT INTO tb_ans_answers(pos_id,qst_number,ans_text) VALUES('23','16','49|');
INSERT INTO tb_ans_answers(pos_id,qst_number,ans_text) VALUES('23','41','0');
INSERT INTO tb_ans_answers(pos_id,qst_number,ans_text) VALUES('23','46b','');
INSERT INTO tb_ans_answers(pos_id,qst_number,ans_text) VALUES('23','28','96|95|');
INSERT INTO tb_ans_answers(pos_id,qst_number,ans_text) VALUES('23','27','90|89|88|87|86|85|282|');
INSERT INTO tb_ans_answers(pos_id,qst_number,ans_text) VALUES('23','40','');
INSERT INTO tb_ans_answers(pos_id,qst_number,ans_text) VALUES('23','04','4300-306');
INSERT INTO tb_ans_answers(pos_id,qst_number,ans_text) VALUES('23','07','2|');
INSERT INTO tb_ans_answers(pos_id,qst_number,ans_text) VALUES('23','11','25|24|');
INSERT INTO tb_ans_answers(pos_id,qst_number,ans_text) VALUES('23','18b','1');
INSERT INTO tb_ans_answers(pos_id,qst_number,ans_text) VALUES('23','01','38');
INSERT INTO tb_ans_answers(pos_id,qst_number,ans_text) VALUES('23','26','1');
INSERT INTO tb_ans_answers(pos_id,qst_number,ans_text) VALUES('23','48a','');
INSERT INTO tb_ans_answers(pos_id,qst_number,ans_text) VALUES('23','31','1');
INSERT INTO tb_ans_answers(pos_id,qst_number,ans_text) VALUES('23','05','41.15860428006817 -8.587930232752115');
INSERT INTO tb_ans_answers(pos_id,qst_number,ans_text) VALUES('23','19','63|283|');
INSERT INTO tb_ans_answers(pos_id,qst_number,ans_text) VALUES('23','29','1|1|');
INSERT INTO tb_ans_answers(pos_id,qst_number,ans_text) VALUES('23','24','0');
INSERT INTO tb_ans_answers(pos_id,qst_number,ans_text) VALUES('23','09','0');
INSERT INTO tb_ans_answers(pos_id,qst_number,ans_text) VALUES('23','13b','38|37|35|284|285|');
INSERT INTO tb_ans_answers(pos_id,qst_number,ans_text) VALUES('23','49a','1');
INSERT INTO tb_ans_answers(pos_id,qst_number,ans_text) VALUES('23','32a','0');
INSERT INTO tb_ans_answers(pos_id,qst_number,ans_text) VALUES('23','22','1');
INSERT INTO tb_ans_answers(pos_id,qst_number,ans_text) VALUES('23','48b','');
INSERT INTO tb_ans_answers(pos_id,qst_number,ans_text) VALUES('23','34','4');
INSERT INTO tb_ans_answers(pos_id,qst_number,ans_text) VALUES('23','46c','');
INSERT INTO tb_ans_answers(pos_id,qst_number,ans_text) VALUES('23','37','1');
INSERT INTO tb_ans_answers(pos_id,qst_number,ans_text) VALUES('23','15','3');
INSERT INTO tb_ans_answers(pos_id,qst_number,ans_text) VALUES('23','45','3');
INSERT INTO tb_ans_answers(pos_id,qst_number,ans_text) VALUES('23','39','0');
INSERT INTO tb_ans_answers(pos_id,qst_number,ans_text) VALUES('23','38','1');
INSERT INTO tb_ans_answers(pos_id,qst_number,ans_text) VALUES('23','08','17|10|');
INSERT INTO tb_ans_answers(pos_id,qst_number,ans_text) VALUES('23','12','1');
INSERT INTO tb_ans_answers(pos_id,qst_number,ans_text) VALUES('23','14','1');
INSERT INTO tb_ans_answers(pos_id,qst_number,ans_text) VALUES('23','44','135|');
INSERT INTO tb_ans_answers(pos_id,qst_number,ans_text) VALUES('23','49c','4');
INSERT INTO tb_ans_answers(pos_id,qst_number,ans_text) VALUES('23','10','1');
INSERT INTO tb_ans_answers(pos_id,qst_number,ans_text) VALUES('23','18a','53|');
INSERT INTO tb_ans_answers(pos_id,qst_number,ans_text) VALUES('23','47','1');
INSERT INTO tb_ans_answers(pos_id,qst_number,ans_text) VALUES('23','03','7.40');
INSERT INTO tb_ans_answers(pos_id,qst_number,ans_text) VALUES('23','25','0');
INSERT INTO tb_ans_answers(pos_id,qst_number,ans_text) VALUES('23','43','1');
INSERT INTO tb_ans_answers(pos_id,qst_number,ans_text) VALUES('23','33','1');
INSERT INTO tb_ans_answers(pos_id,qst_number,ans_text) VALUES('23','46a','3');
INSERT INTO tb_ans_answers(pos_id,qst_number,ans_text) VALUES('23','02','Rua de São Roque da Lameira, 2040, Campanhã, Porto');
INSERT INTO tb_ans_answers(pos_id,qst_number,ans_text) VALUES('23','21','69|');
INSERT INTO tb_ans_answers(pos_id,qst_number,ans_text) VALUES('23','17','1');
INSERT INTO tb_ans_answers(pos_id,qst_number,ans_text) VALUES('23','20','1');
INSERT INTO tb_ans_answers(pos_id,qst_number,ans_text) VALUES('23','23','0');
INSERT INTO tb_ans_answers(pos_id,qst_number,ans_text) VALUES('23','35','1');
INSERT INTO tb_ans_answers(pos_id,qst_number,ans_text) VALUES('23','30','0');
INSERT INTO tb_ans_answers(pos_id,qst_number,ans_text) VALUES('23','06','1979');
INSERT INTO tb_ans_answers(pos_id,qst_number,ans_text) VALUES('23','32b','');
INSERT INTO tb_ans_answers(pos_id,qst_number,ans_text) VALUES('23','36','1');
INSERT INTO tb_ans_answers(pos_id,qst_number,ans_text) VALUES('23','13a','1');
INSERT INTO tb_ans_answers(pos_id,qst_number,ans_text) VALUES('23','42','1');
INSERT INTO tb_ans_answers(pos_id,qst_number,ans_text) VALUES('23','49b','4');
INSERT INTO tb_ans_answers(pos_id,qst_number,ans_text) VALUES('44','13a','0');
INSERT INTO tb_ans_answers(pos_id,qst_number,ans_text) VALUES('44','16','46|');
INSERT INTO tb_ans_answers(pos_id,qst_number,ans_text) VALUES('44','35','1');
INSERT INTO tb_ans_answers(pos_id,qst_number,ans_text) VALUES('44','39','1');
INSERT INTO tb_ans_answers(pos_id,qst_number,ans_text) VALUES('44','47','1');
INSERT INTO tb_ans_answers(pos_id,qst_number,ans_text) VALUES('44','07','2|');
INSERT INTO tb_ans_answers(pos_id,qst_number,ans_text) VALUES('44','49c','5');
INSERT INTO tb_ans_answers(pos_id,qst_number,ans_text) VALUES('44','25','1');
INSERT INTO tb_ans_answers(pos_id,qst_number,ans_text) VALUES('44','18a','53|');
INSERT INTO tb_ans_answers(pos_id,qst_number,ans_text) VALUES('44','02','Rua Adelaide Estrada, Ramalde, Porto');
INSERT INTO tb_ans_answers(pos_id,qst_number,ans_text) VALUES('44','13b','');
INSERT INTO tb_ans_answers(pos_id,qst_number,ans_text) VALUES('44','41','0');
INSERT INTO tb_ans_answers(pos_id,qst_number,ans_text) VALUES('44','23','0');
INSERT INTO tb_ans_answers(pos_id,qst_number,ans_text) VALUES('44','20','1');
INSERT INTO tb_ans_answers(pos_id,qst_number,ans_text) VALUES('44','37','0');
INSERT INTO tb_ans_answers(pos_id,qst_number,ans_text) VALUES('44','29','1|3|');
INSERT INTO tb_ans_answers(pos_id,qst_number,ans_text) VALUES('44','46b','1');
INSERT INTO tb_ans_answers(pos_id,qst_number,ans_text) VALUES('44','08','17|10|');
INSERT INTO tb_ans_answers(pos_id,qst_number,ans_text) VALUES('44','09','0');
INSERT INTO tb_ans_answers(pos_id,qst_number,ans_text) VALUES('44','05','41.171621636497235 -8.637693710625172');
INSERT INTO tb_ans_answers(pos_id,qst_number,ans_text) VALUES('44','01','39');
INSERT INTO tb_ans_answers(pos_id,qst_number,ans_text) VALUES('44','11','');
INSERT INTO tb_ans_answers(pos_id,qst_number,ans_text) VALUES('44','32b','');
INSERT INTO tb_ans_answers(pos_id,qst_number,ans_text) VALUES('44','30','0');
INSERT INTO tb_ans_answers(pos_id,qst_number,ans_text) VALUES('44','48a','');
INSERT INTO tb_ans_answers(pos_id,qst_number,ans_text) VALUES('44','32a','0');
INSERT INTO tb_ans_answers(pos_id,qst_number,ans_text) VALUES('44','15','1');
INSERT INTO tb_ans_answers(pos_id,qst_number,ans_text) VALUES('44','04','4250-016');
INSERT INTO tb_ans_answers(pos_id,qst_number,ans_text) VALUES('44','45','1');
INSERT INTO tb_ans_answers(pos_id,qst_number,ans_text) VALUES('44','49b','5');
INSERT INTO tb_ans_answers(pos_id,qst_number,ans_text) VALUES('44','33','0');
INSERT INTO tb_ans_answers(pos_id,qst_number,ans_text) VALUES('44','14','1');
INSERT INTO tb_ans_answers(pos_id,qst_number,ans_text) VALUES('44','24','1');
INSERT INTO tb_ans_answers(pos_id,qst_number,ans_text) VALUES('44','10','0');
INSERT INTO tb_ans_answers(pos_id,qst_number,ans_text) VALUES('44','21','69|');
INSERT INTO tb_ans_answers(pos_id,qst_number,ans_text) VALUES('44','49a','3');
INSERT INTO tb_ans_answers(pos_id,qst_number,ans_text) VALUES('44','43','1');
INSERT INTO tb_ans_answers(pos_id,qst_number,ans_text) VALUES('44','27','90|89|88|87|86|286|');
INSERT INTO tb_ans_answers(pos_id,qst_number,ans_text) VALUES('44','22','1');
INSERT INTO tb_ans_answers(pos_id,qst_number,ans_text) VALUES('44','36','1');
INSERT INTO tb_ans_answers(pos_id,qst_number,ans_text) VALUES('44','06','2005');
INSERT INTO tb_ans_answers(pos_id,qst_number,ans_text) VALUES('44','26','1');
INSERT INTO tb_ans_answers(pos_id,qst_number,ans_text) VALUES('44','31','0');
INSERT INTO tb_ans_answers(pos_id,qst_number,ans_text) VALUES('44','44','136|');
INSERT INTO tb_ans_answers(pos_id,qst_number,ans_text) VALUES('44','40','1');
INSERT INTO tb_ans_answers(pos_id,qst_number,ans_text) VALUES('44','28','96|');
INSERT INTO tb_ans_answers(pos_id,qst_number,ans_text) VALUES('44','12','');
INSERT INTO tb_ans_answers(pos_id,qst_number,ans_text) VALUES('44','38','1');
INSERT INTO tb_ans_answers(pos_id,qst_number,ans_text) VALUES('44','46a','1');
INSERT INTO tb_ans_answers(pos_id,qst_number,ans_text) VALUES('44','03','0.35');
INSERT INTO tb_ans_answers(pos_id,qst_number,ans_text) VALUES('44','18b','2');
INSERT INTO tb_ans_answers(pos_id,qst_number,ans_text) VALUES('44','46c','0');
INSERT INTO tb_ans_answers(pos_id,qst_number,ans_text) VALUES('44','42','1');
INSERT INTO tb_ans_answers(pos_id,qst_number,ans_text) VALUES('44','34','4');
INSERT INTO tb_ans_answers(pos_id,qst_number,ans_text) VALUES('44','17','0');
INSERT INTO tb_ans_answers(pos_id,qst_number,ans_text) VALUES('44','48b','');
INSERT INTO tb_ans_answers(pos_id,qst_number,ans_text) VALUES('44','19','63|61|');
INSERT INTO tb_ans_answers(pos_id,qst_number,ans_text) VALUES('7','22','');
INSERT INTO tb_ans_answers(pos_id,qst_number,ans_text) VALUES('7','21','72|');
INSERT INTO tb_ans_answers(pos_id,qst_number,ans_text) VALUES('7','46c','');
INSERT INTO tb_ans_answers(pos_id,qst_number,ans_text) VALUES('7','23','0');
INSERT INTO tb_ans_answers(pos_id,qst_number,ans_text) VALUES('7','47','1');
INSERT INTO tb_ans_answers(pos_id,qst_number,ans_text) VALUES('7','46a','3');
INSERT INTO tb_ans_answers(pos_id,qst_number,ans_text) VALUES('7','03','2.74');
INSERT INTO tb_ans_answers(pos_id,qst_number,ans_text) VALUES('7','19','287|');
INSERT INTO tb_ans_answers(pos_id,qst_number,ans_text) VALUES('7','48b','');
INSERT INTO tb_ans_answers(pos_id,qst_number,ans_text) VALUES('7','07','2|');
INSERT INTO tb_ans_answers(pos_id,qst_number,ans_text) VALUES('7','37','0');
INSERT INTO tb_ans_answers(pos_id,qst_number,ans_text) VALUES('7','43','');
INSERT INTO tb_ans_answers(pos_id,qst_number,ans_text) VALUES('7','49a','4');
INSERT INTO tb_ans_answers(pos_id,qst_number,ans_text) VALUES('7','13b','36|');
INSERT INTO tb_ans_answers(pos_id,qst_number,ans_text) VALUES('7','41','0');
INSERT INTO tb_ans_answers(pos_id,qst_number,ans_text) VALUES('7','09','0');
INSERT INTO tb_ans_answers(pos_id,qst_number,ans_text) VALUES('7','24','1');
INSERT INTO tb_ans_answers(pos_id,qst_number,ans_text) VALUES('7','36','1');
INSERT INTO tb_ans_answers(pos_id,qst_number,ans_text) VALUES('7','15','3');
INSERT INTO tb_ans_answers(pos_id,qst_number,ans_text) VALUES('7','05','41.144078972142374 -8.590430261736566');
INSERT INTO tb_ans_answers(pos_id,qst_number,ans_text) VALUES('7','16','49|');
INSERT INTO tb_ans_answers(pos_id,qst_number,ans_text) VALUES('7','28','');
INSERT INTO tb_ans_answers(pos_id,qst_number,ans_text) VALUES('7','34','4');
INSERT INTO tb_ans_answers(pos_id,qst_number,ans_text) VALUES('7','27','');
INSERT INTO tb_ans_answers(pos_id,qst_number,ans_text) VALUES('7','44','');
INSERT INTO tb_ans_answers(pos_id,qst_number,ans_text) VALUES('7','10','1');
INSERT INTO tb_ans_answers(pos_id,qst_number,ans_text) VALUES('7','33','0');
INSERT INTO tb_ans_answers(pos_id,qst_number,ans_text) VALUES('7','48a','');
INSERT INTO tb_ans_answers(pos_id,qst_number,ans_text) VALUES('7','29','0|');
INSERT INTO tb_ans_answers(pos_id,qst_number,ans_text) VALUES('7','01','40');
INSERT INTO tb_ans_answers(pos_id,qst_number,ans_text) VALUES('7','31','1');
INSERT INTO tb_ans_answers(pos_id,qst_number,ans_text) VALUES('7','49b','5');
INSERT INTO tb_ans_answers(pos_id,qst_number,ans_text) VALUES('7','02','Rua Barão de Nova Sintra, 285, Bonfim, Porto');
INSERT INTO tb_ans_answers(pos_id,qst_number,ans_text) VALUES('7','06','2006');
INSERT INTO tb_ans_answers(pos_id,qst_number,ans_text) VALUES('7','14','1');
INSERT INTO tb_ans_answers(pos_id,qst_number,ans_text) VALUES('7','38','0');
INSERT INTO tb_ans_answers(pos_id,qst_number,ans_text) VALUES('7','46b','');
INSERT INTO tb_ans_answers(pos_id,qst_number,ans_text) VALUES('7','42','1');
INSERT INTO tb_ans_answers(pos_id,qst_number,ans_text) VALUES('7','35','1');
INSERT INTO tb_ans_answers(pos_id,qst_number,ans_text) VALUES('7','11','25|');
INSERT INTO tb_ans_answers(pos_id,qst_number,ans_text) VALUES('7','08','10|');
INSERT INTO tb_ans_answers(pos_id,qst_number,ans_text) VALUES('7','17','1');
INSERT INTO tb_ans_answers(pos_id,qst_number,ans_text) VALUES('7','45','3');
INSERT INTO tb_ans_answers(pos_id,qst_number,ans_text) VALUES('7','49c','5');
INSERT INTO tb_ans_answers(pos_id,qst_number,ans_text) VALUES('7','18b','1');
INSERT INTO tb_ans_answers(pos_id,qst_number,ans_text) VALUES('7','32a','0');
INSERT INTO tb_ans_answers(pos_id,qst_number,ans_text) VALUES('7','18a','53|');
INSERT INTO tb_ans_answers(pos_id,qst_number,ans_text) VALUES('7','20','1');
INSERT INTO tb_ans_answers(pos_id,qst_number,ans_text) VALUES('7','04','4300-367');
INSERT INTO tb_ans_answers(pos_id,qst_number,ans_text) VALUES('7','26','0');
INSERT INTO tb_ans_answers(pos_id,qst_number,ans_text) VALUES('7','30','0');
INSERT INTO tb_ans_answers(pos_id,qst_number,ans_text) VALUES('7','40','');
INSERT INTO tb_ans_answers(pos_id,qst_number,ans_text) VALUES('7','32b','');
INSERT INTO tb_ans_answers(pos_id,qst_number,ans_text) VALUES('7','13a','1');
INSERT INTO tb_ans_answers(pos_id,qst_number,ans_text) VALUES('7','25','1');
INSERT INTO tb_ans_answers(pos_id,qst_number,ans_text) VALUES('7','39','0');
INSERT INTO tb_ans_answers(pos_id,qst_number,ans_text) VALUES('7','12','1');
INSERT INTO tb_ans_answers(pos_id,qst_number,ans_text) VALUES('30','46a','3');
INSERT INTO tb_ans_answers(pos_id,qst_number,ans_text) VALUES('30','07','2|');
INSERT INTO tb_ans_answers(pos_id,qst_number,ans_text) VALUES('30','09','0');
INSERT INTO tb_ans_answers(pos_id,qst_number,ans_text) VALUES('30','44','');
INSERT INTO tb_ans_answers(pos_id,qst_number,ans_text) VALUES('30','37','0');
INSERT INTO tb_ans_answers(pos_id,qst_number,ans_text) VALUES('30','17','0');
INSERT INTO tb_ans_answers(pos_id,qst_number,ans_text) VALUES('30','15','3');
INSERT INTO tb_ans_answers(pos_id,qst_number,ans_text) VALUES('30','39','0');
INSERT INTO tb_ans_answers(pos_id,qst_number,ans_text) VALUES('30','48a','1');
INSERT INTO tb_ans_answers(pos_id,qst_number,ans_text) VALUES('30','22','2');
INSERT INTO tb_ans_answers(pos_id,qst_number,ans_text) VALUES('30','42','1');
INSERT INTO tb_ans_answers(pos_id,qst_number,ans_text) VALUES('30','04','4300-052');
INSERT INTO tb_ans_answers(pos_id,qst_number,ans_text) VALUES('30','31','0');
INSERT INTO tb_ans_answers(pos_id,qst_number,ans_text) VALUES('30','34','4');
INSERT INTO tb_ans_answers(pos_id,qst_number,ans_text) VALUES('30','19','288|');
INSERT INTO tb_ans_answers(pos_id,qst_number,ans_text) VALUES('30','01','41');
INSERT INTO tb_ans_answers(pos_id,qst_number,ans_text) VALUES('30','13b','289|');
INSERT INTO tb_ans_answers(pos_id,qst_number,ans_text) VALUES('30','46c','');
INSERT INTO tb_ans_answers(pos_id,qst_number,ans_text) VALUES('30','18b','5');
INSERT INTO tb_ans_answers(pos_id,qst_number,ans_text) VALUES('30','20','0');
INSERT INTO tb_ans_answers(pos_id,qst_number,ans_text) VALUES('30','32a','1');
INSERT INTO tb_ans_answers(pos_id,qst_number,ans_text) VALUES('30','33','1');
INSERT INTO tb_ans_answers(pos_id,qst_number,ans_text) VALUES('30','06','2010');
INSERT INTO tb_ans_answers(pos_id,qst_number,ans_text) VALUES('30','12','1');
INSERT INTO tb_ans_answers(pos_id,qst_number,ans_text) VALUES('30','30','0');
INSERT INTO tb_ans_answers(pos_id,qst_number,ans_text) VALUES('30','29','0|');
INSERT INTO tb_ans_answers(pos_id,qst_number,ans_text) VALUES('30','14','1');
INSERT INTO tb_ans_answers(pos_id,qst_number,ans_text) VALUES('30','38','1');
INSERT INTO tb_ans_answers(pos_id,qst_number,ans_text) VALUES('30','46b','');
INSERT INTO tb_ans_answers(pos_id,qst_number,ans_text) VALUES('30','32b','3');
INSERT INTO tb_ans_answers(pos_id,qst_number,ans_text) VALUES('30','49b','3');
INSERT INTO tb_ans_answers(pos_id,qst_number,ans_text) VALUES('30','05','41.15578028784818 -8.56465682387352');
INSERT INTO tb_ans_answers(pos_id,qst_number,ans_text) VALUES('30','48b','0');
INSERT INTO tb_ans_answers(pos_id,qst_number,ans_text) VALUES('30','36','0');
INSERT INTO tb_ans_answers(pos_id,qst_number,ans_text) VALUES('30','41','0');
INSERT INTO tb_ans_answers(pos_id,qst_number,ans_text) VALUES('30','26','0');
INSERT INTO tb_ans_answers(pos_id,qst_number,ans_text) VALUES('30','11','26|25|290|291|');
INSERT INTO tb_ans_answers(pos_id,qst_number,ans_text) VALUES('30','47','0');
INSERT INTO tb_ans_answers(pos_id,qst_number,ans_text) VALUES('30','24','1');
INSERT INTO tb_ans_answers(pos_id,qst_number,ans_text) VALUES('30','27','');
INSERT INTO tb_ans_answers(pos_id,qst_number,ans_text) VALUES('30','49a','2');
INSERT INTO tb_ans_answers(pos_id,qst_number,ans_text) VALUES('30','13a','1');
INSERT INTO tb_ans_answers(pos_id,qst_number,ans_text) VALUES('30','35','1');
INSERT INTO tb_ans_answers(pos_id,qst_number,ans_text) VALUES('30','28','');
INSERT INTO tb_ans_answers(pos_id,qst_number,ans_text) VALUES('30','40','');
INSERT INTO tb_ans_answers(pos_id,qst_number,ans_text) VALUES('30','03','10.20');
INSERT INTO tb_ans_answers(pos_id,qst_number,ans_text) VALUES('30','49c','3');
INSERT INTO tb_ans_answers(pos_id,qst_number,ans_text) VALUES('30','25','1');
INSERT INTO tb_ans_answers(pos_id,qst_number,ans_text) VALUES('30','23','0');
INSERT INTO tb_ans_answers(pos_id,qst_number,ans_text) VALUES('30','45','3');
INSERT INTO tb_ans_answers(pos_id,qst_number,ans_text) VALUES('30','18a','54|');
INSERT INTO tb_ans_answers(pos_id,qst_number,ans_text) VALUES('30','43','');
INSERT INTO tb_ans_answers(pos_id,qst_number,ans_text) VALUES('30','16','49|');
INSERT INTO tb_ans_answers(pos_id,qst_number,ans_text) VALUES('30','08','11|10|');
INSERT INTO tb_ans_answers(pos_id,qst_number,ans_text) VALUES('30','21','69|');
INSERT INTO tb_ans_answers(pos_id,qst_number,ans_text) VALUES('30','10','1');
INSERT INTO tb_ans_answers(pos_id,qst_number,ans_text) VALUES('30','02','Alameda de Azevedo, Campanhã, Porto');
INSERT INTO tb_ans_answers(pos_id,qst_number,ans_text) VALUES('21','44','135|');
INSERT INTO tb_ans_answers(pos_id,qst_number,ans_text) VALUES('21','46c','');
INSERT INTO tb_ans_answers(pos_id,qst_number,ans_text) VALUES('21','34','1');
INSERT INTO tb_ans_answers(pos_id,qst_number,ans_text) VALUES('21','25','1');
INSERT INTO tb_ans_answers(pos_id,qst_number,ans_text) VALUES('21','10','0');
INSERT INTO tb_ans_answers(pos_id,qst_number,ans_text) VALUES('21','41','0');
INSERT INTO tb_ans_answers(pos_id,qst_number,ans_text) VALUES('21','37','1');
INSERT INTO tb_ans_answers(pos_id,qst_number,ans_text) VALUES('21','08','17|10|292|');
INSERT INTO tb_ans_answers(pos_id,qst_number,ans_text) VALUES('21','43','1');
INSERT INTO tb_ans_answers(pos_id,qst_number,ans_text) VALUES('21','21','69|');
INSERT INTO tb_ans_answers(pos_id,qst_number,ans_text) VALUES('21','38','1');
INSERT INTO tb_ans_answers(pos_id,qst_number,ans_text) VALUES('21','03','8.18');
INSERT INTO tb_ans_answers(pos_id,qst_number,ans_text) VALUES('21','16','49|48|46|');
INSERT INTO tb_ans_answers(pos_id,qst_number,ans_text) VALUES('21','46b','');
INSERT INTO tb_ans_answers(pos_id,qst_number,ans_text) VALUES('21','05','41.16737670374232 -8.605151519179344');
INSERT INTO tb_ans_answers(pos_id,qst_number,ans_text) VALUES('21','01','42');
INSERT INTO tb_ans_answers(pos_id,qst_number,ans_text) VALUES('21','02','Rua de Faria Guimarães, Paranhos, Porto');
INSERT INTO tb_ans_answers(pos_id,qst_number,ans_text) VALUES('21','18b','1');
INSERT INTO tb_ans_answers(pos_id,qst_number,ans_text) VALUES('21','47','0');
INSERT INTO tb_ans_answers(pos_id,qst_number,ans_text) VALUES('21','49a','2');
INSERT INTO tb_ans_answers(pos_id,qst_number,ans_text) VALUES('21','17','1');
INSERT INTO tb_ans_answers(pos_id,qst_number,ans_text) VALUES('21','13a','0');
INSERT INTO tb_ans_answers(pos_id,qst_number,ans_text) VALUES('21','19','62|293|');
INSERT INTO tb_ans_answers(pos_id,qst_number,ans_text) VALUES('21','32a','1');
INSERT INTO tb_ans_answers(pos_id,qst_number,ans_text) VALUES('21','33','1');
INSERT INTO tb_ans_answers(pos_id,qst_number,ans_text) VALUES('21','26','1');
INSERT INTO tb_ans_answers(pos_id,qst_number,ans_text) VALUES('21','42','1');
INSERT INTO tb_ans_answers(pos_id,qst_number,ans_text) VALUES('21','48b','1');
INSERT INTO tb_ans_answers(pos_id,qst_number,ans_text) VALUES('21','23','1');
INSERT INTO tb_ans_answers(pos_id,qst_number,ans_text) VALUES('21','32b','2');
INSERT INTO tb_ans_answers(pos_id,qst_number,ans_text) VALUES('21','04','4200-139');
INSERT INTO tb_ans_answers(pos_id,qst_number,ans_text) VALUES('21','48a','1');
INSERT INTO tb_ans_answers(pos_id,qst_number,ans_text) VALUES('21','31','0');
INSERT INTO tb_ans_answers(pos_id,qst_number,ans_text) VALUES('21','11','');
INSERT INTO tb_ans_answers(pos_id,qst_number,ans_text) VALUES('21','14','1');
INSERT INTO tb_ans_answers(pos_id,qst_number,ans_text) VALUES('21','30','0');
INSERT INTO tb_ans_answers(pos_id,qst_number,ans_text) VALUES('21','20','1');
INSERT INTO tb_ans_answers(pos_id,qst_number,ans_text) VALUES('21','06','1988');
INSERT INTO tb_ans_answers(pos_id,qst_number,ans_text) VALUES('21','28','96|95|');
INSERT INTO tb_ans_answers(pos_id,qst_number,ans_text) VALUES('21','15','3');
INSERT INTO tb_ans_answers(pos_id,qst_number,ans_text) VALUES('21','22','1');
INSERT INTO tb_ans_answers(pos_id,qst_number,ans_text) VALUES('21','12','');
INSERT INTO tb_ans_answers(pos_id,qst_number,ans_text) VALUES('21','24','0');
INSERT INTO tb_ans_answers(pos_id,qst_number,ans_text) VALUES('21','49c','3');
INSERT INTO tb_ans_answers(pos_id,qst_number,ans_text) VALUES('21','27','92|90|89|88|87|86|85|294|');
INSERT INTO tb_ans_answers(pos_id,qst_number,ans_text) VALUES('21','13b','');
INSERT INTO tb_ans_answers(pos_id,qst_number,ans_text) VALUES('21','36','1');
INSERT INTO tb_ans_answers(pos_id,qst_number,ans_text) VALUES('21','49b','3');
INSERT INTO tb_ans_answers(pos_id,qst_number,ans_text) VALUES('21','46a','3');
INSERT INTO tb_ans_answers(pos_id,qst_number,ans_text) VALUES('21','18a','53|');
INSERT INTO tb_ans_answers(pos_id,qst_number,ans_text) VALUES('21','40','3');
INSERT INTO tb_ans_answers(pos_id,qst_number,ans_text) VALUES('21','35','1');
INSERT INTO tb_ans_answers(pos_id,qst_number,ans_text) VALUES('21','39','1');
INSERT INTO tb_ans_answers(pos_id,qst_number,ans_text) VALUES('21','09','0');
INSERT INTO tb_ans_answers(pos_id,qst_number,ans_text) VALUES('21','07','2|');
INSERT INTO tb_ans_answers(pos_id,qst_number,ans_text) VALUES('21','29','1|3|');
INSERT INTO tb_ans_answers(pos_id,qst_number,ans_text) VALUES('21','45','3');
INSERT INTO tb_ans_answers(pos_id,qst_number,ans_text) VALUES('8','04','4050-346');
INSERT INTO tb_ans_answers(pos_id,qst_number,ans_text) VALUES('8','41','0');
INSERT INTO tb_ans_answers(pos_id,qst_number,ans_text) VALUES('8','05','41.14733567221496 -8.626616651622149');
INSERT INTO tb_ans_answers(pos_id,qst_number,ans_text) VALUES('8','49c','5');
INSERT INTO tb_ans_answers(pos_id,qst_number,ans_text) VALUES('8','40','');
INSERT INTO tb_ans_answers(pos_id,qst_number,ans_text) VALUES('8','20','1');
INSERT INTO tb_ans_answers(pos_id,qst_number,ans_text) VALUES('8','11','25|24|');
INSERT INTO tb_ans_answers(pos_id,qst_number,ans_text) VALUES('8','13b','38|37|36|34|295|');
INSERT INTO tb_ans_answers(pos_id,qst_number,ans_text) VALUES('8','45','3');
INSERT INTO tb_ans_answers(pos_id,qst_number,ans_text) VALUES('8','46b','');
INSERT INTO tb_ans_answers(pos_id,qst_number,ans_text) VALUES('8','29','1|1|');
INSERT INTO tb_ans_answers(pos_id,qst_number,ans_text) VALUES('8','19','65|64|62|');
INSERT INTO tb_ans_answers(pos_id,qst_number,ans_text) VALUES('8','06','1860');
INSERT INTO tb_ans_answers(pos_id,qst_number,ans_text) VALUES('8','14','1');
INSERT INTO tb_ans_answers(pos_id,qst_number,ans_text) VALUES('8','35','1');
INSERT INTO tb_ans_answers(pos_id,qst_number,ans_text) VALUES('8','32a','0');
INSERT INTO tb_ans_answers(pos_id,qst_number,ans_text) VALUES('8','03','9.91');
INSERT INTO tb_ans_answers(pos_id,qst_number,ans_text) VALUES('8','01','43');
INSERT INTO tb_ans_answers(pos_id,qst_number,ans_text) VALUES('8','48a','1');
INSERT INTO tb_ans_answers(pos_id,qst_number,ans_text) VALUES('8','18b','1');
INSERT INTO tb_ans_answers(pos_id,qst_number,ans_text) VALUES('8','30','0');
INSERT INTO tb_ans_answers(pos_id,qst_number,ans_text) VALUES('8','12','1');
INSERT INTO tb_ans_answers(pos_id,qst_number,ans_text) VALUES('8','44','134|');
INSERT INTO tb_ans_answers(pos_id,qst_number,ans_text) VALUES('8','31','1');
INSERT INTO tb_ans_answers(pos_id,qst_number,ans_text) VALUES('8','37','1');
INSERT INTO tb_ans_answers(pos_id,qst_number,ans_text) VALUES('8','21','72|');
INSERT INTO tb_ans_answers(pos_id,qst_number,ans_text) VALUES('8','23','1');
INSERT INTO tb_ans_answers(pos_id,qst_number,ans_text) VALUES('8','34','1');
INSERT INTO tb_ans_answers(pos_id,qst_number,ans_text) VALUES('8','49b','5');
INSERT INTO tb_ans_answers(pos_id,qst_number,ans_text) VALUES('8','16','49|48|');
INSERT INTO tb_ans_answers(pos_id,qst_number,ans_text) VALUES('8','17','1');
INSERT INTO tb_ans_answers(pos_id,qst_number,ans_text) VALUES('8','33','1');
INSERT INTO tb_ans_answers(pos_id,qst_number,ans_text) VALUES('8','47','0');
INSERT INTO tb_ans_answers(pos_id,qst_number,ans_text) VALUES('8','42','1');
INSERT INTO tb_ans_answers(pos_id,qst_number,ans_text) VALUES('8','46c','');
INSERT INTO tb_ans_answers(pos_id,qst_number,ans_text) VALUES('8','43','1');
INSERT INTO tb_ans_answers(pos_id,qst_number,ans_text) VALUES('8','24','1');
INSERT INTO tb_ans_answers(pos_id,qst_number,ans_text) VALUES('8','13a','1');
INSERT INTO tb_ans_answers(pos_id,qst_number,ans_text) VALUES('8','09','0');
INSERT INTO tb_ans_answers(pos_id,qst_number,ans_text) VALUES('8','26','1');
INSERT INTO tb_ans_answers(pos_id,qst_number,ans_text) VALUES('8','07','2|');
INSERT INTO tb_ans_answers(pos_id,qst_number,ans_text) VALUES('8','15','3');
INSERT INTO tb_ans_answers(pos_id,qst_number,ans_text) VALUES('8','27','90|89|87|86|85|');
INSERT INTO tb_ans_answers(pos_id,qst_number,ans_text) VALUES('8','46a','3');
INSERT INTO tb_ans_answers(pos_id,qst_number,ans_text) VALUES('8','39','0');
INSERT INTO tb_ans_answers(pos_id,qst_number,ans_text) VALUES('8','49a','1');
INSERT INTO tb_ans_answers(pos_id,qst_number,ans_text) VALUES('8','10','1');
INSERT INTO tb_ans_answers(pos_id,qst_number,ans_text) VALUES('8','02','Rua de Dom Manuel II, Massarelos, Porto');
INSERT INTO tb_ans_answers(pos_id,qst_number,ans_text) VALUES('8','08','17|10|');
INSERT INTO tb_ans_answers(pos_id,qst_number,ans_text) VALUES('8','48b','1');
INSERT INTO tb_ans_answers(pos_id,qst_number,ans_text) VALUES('8','22','');
INSERT INTO tb_ans_answers(pos_id,qst_number,ans_text) VALUES('8','32b','');
INSERT INTO tb_ans_answers(pos_id,qst_number,ans_text) VALUES('8','38','1');
INSERT INTO tb_ans_answers(pos_id,qst_number,ans_text) VALUES('8','25','1');
INSERT INTO tb_ans_answers(pos_id,qst_number,ans_text) VALUES('8','18a','53|');
INSERT INTO tb_ans_answers(pos_id,qst_number,ans_text) VALUES('8','36','1');
INSERT INTO tb_ans_answers(pos_id,qst_number,ans_text) VALUES('8','28','96|296|');
INSERT INTO tb_ans_answers(pos_id,qst_number,ans_text) VALUES('45','49a','3');
INSERT INTO tb_ans_answers(pos_id,qst_number,ans_text) VALUES('45','14','1');
INSERT INTO tb_ans_answers(pos_id,qst_number,ans_text) VALUES('45','23','0');
INSERT INTO tb_ans_answers(pos_id,qst_number,ans_text) VALUES('45','34','4');
INSERT INTO tb_ans_answers(pos_id,qst_number,ans_text) VALUES('45','36','1');
INSERT INTO tb_ans_answers(pos_id,qst_number,ans_text) VALUES('45','20','1');
INSERT INTO tb_ans_answers(pos_id,qst_number,ans_text) VALUES('45','31','0');
INSERT INTO tb_ans_answers(pos_id,qst_number,ans_text) VALUES('45','48a','');
INSERT INTO tb_ans_answers(pos_id,qst_number,ans_text) VALUES('45','25','1');
INSERT INTO tb_ans_answers(pos_id,qst_number,ans_text) VALUES('45','22','2');
INSERT INTO tb_ans_answers(pos_id,qst_number,ans_text) VALUES('45','13b','');
INSERT INTO tb_ans_answers(pos_id,qst_number,ans_text) VALUES('45','12','');
INSERT INTO tb_ans_answers(pos_id,qst_number,ans_text) VALUES('45','03','0.66');
INSERT INTO tb_ans_answers(pos_id,qst_number,ans_text) VALUES('45','35','1');
INSERT INTO tb_ans_answers(pos_id,qst_number,ans_text) VALUES('45','28','');
INSERT INTO tb_ans_answers(pos_id,qst_number,ans_text) VALUES('45','41','0');
INSERT INTO tb_ans_answers(pos_id,qst_number,ans_text) VALUES('45','32b','');
INSERT INTO tb_ans_answers(pos_id,qst_number,ans_text) VALUES('45','42','0');
INSERT INTO tb_ans_answers(pos_id,qst_number,ans_text) VALUES('45','06','');
INSERT INTO tb_ans_answers(pos_id,qst_number,ans_text) VALUES('45','17','1');
INSERT INTO tb_ans_answers(pos_id,qst_number,ans_text) VALUES('45','27','');
INSERT INTO tb_ans_answers(pos_id,qst_number,ans_text) VALUES('45','10','0');
INSERT INTO tb_ans_answers(pos_id,qst_number,ans_text) VALUES('45','07','2|');
INSERT INTO tb_ans_answers(pos_id,qst_number,ans_text) VALUES('45','48b','');
INSERT INTO tb_ans_answers(pos_id,qst_number,ans_text) VALUES('45','01','44');
INSERT INTO tb_ans_answers(pos_id,qst_number,ans_text) VALUES('45','08','10|');
INSERT INTO tb_ans_answers(pos_id,qst_number,ans_text) VALUES('45','19','63|62|');
INSERT INTO tb_ans_answers(pos_id,qst_number,ans_text) VALUES('45','11','');
INSERT INTO tb_ans_answers(pos_id,qst_number,ans_text) VALUES('45','04','4100-160');
INSERT INTO tb_ans_answers(pos_id,qst_number,ans_text) VALUES('45','24','0');
INSERT INTO tb_ans_answers(pos_id,qst_number,ans_text) VALUES('45','37','0');
INSERT INTO tb_ans_answers(pos_id,qst_number,ans_text) VALUES('45','32a','0');
INSERT INTO tb_ans_answers(pos_id,qst_number,ans_text) VALUES('45','18b','3');
INSERT INTO tb_ans_answers(pos_id,qst_number,ans_text) VALUES('45','40','1');
INSERT INTO tb_ans_answers(pos_id,qst_number,ans_text) VALUES('45','49c','5');
INSERT INTO tb_ans_answers(pos_id,qst_number,ans_text) VALUES('45','15','2');
INSERT INTO tb_ans_answers(pos_id,qst_number,ans_text) VALUES('45','43','1');
INSERT INTO tb_ans_answers(pos_id,qst_number,ans_text) VALUES('45','38','1');
INSERT INTO tb_ans_answers(pos_id,qst_number,ans_text) VALUES('45','47','1');
INSERT INTO tb_ans_answers(pos_id,qst_number,ans_text) VALUES('45','29','0|');
INSERT INTO tb_ans_answers(pos_id,qst_number,ans_text) VALUES('45','46b','1');
INSERT INTO tb_ans_answers(pos_id,qst_number,ans_text) VALUES('45','02','Rua Choupos, Ramalde, Porto');
INSERT INTO tb_ans_answers(pos_id,qst_number,ans_text) VALUES('45','16','47|');
INSERT INTO tb_ans_answers(pos_id,qst_number,ans_text) VALUES('45','13a','0');
INSERT INTO tb_ans_answers(pos_id,qst_number,ans_text) VALUES('45','30','0');
INSERT INTO tb_ans_answers(pos_id,qst_number,ans_text) VALUES('45','33','0');
INSERT INTO tb_ans_answers(pos_id,qst_number,ans_text) VALUES('45','21','69|');
INSERT INTO tb_ans_answers(pos_id,qst_number,ans_text) VALUES('45','18a','53|');
INSERT INTO tb_ans_answers(pos_id,qst_number,ans_text) VALUES('45','39','1');
INSERT INTO tb_ans_answers(pos_id,qst_number,ans_text) VALUES('45','45','1');
INSERT INTO tb_ans_answers(pos_id,qst_number,ans_text) VALUES('45','44','135|');
INSERT INTO tb_ans_answers(pos_id,qst_number,ans_text) VALUES('45','46c','0');
INSERT INTO tb_ans_answers(pos_id,qst_number,ans_text) VALUES('45','26','0');
INSERT INTO tb_ans_answers(pos_id,qst_number,ans_text) VALUES('45','46a','1');
INSERT INTO tb_ans_answers(pos_id,qst_number,ans_text) VALUES('45','09','0');
INSERT INTO tb_ans_answers(pos_id,qst_number,ans_text) VALUES('45','49b','5');
INSERT INTO tb_ans_answers(pos_id,qst_number,ans_text) VALUES('45','05','41.17271357459423 -8.658036645501852');
INSERT INTO tb_ans_answers(pos_id,qst_number,ans_text) VALUES('46','21','69|');
INSERT INTO tb_ans_answers(pos_id,qst_number,ans_text) VALUES('46','32b','');
INSERT INTO tb_ans_answers(pos_id,qst_number,ans_text) VALUES('46','06','');
INSERT INTO tb_ans_answers(pos_id,qst_number,ans_text) VALUES('46','41','0');
INSERT INTO tb_ans_answers(pos_id,qst_number,ans_text) VALUES('46','20','1');
INSERT INTO tb_ans_answers(pos_id,qst_number,ans_text) VALUES('46','11','');
INSERT INTO tb_ans_answers(pos_id,qst_number,ans_text) VALUES('46','12','');
INSERT INTO tb_ans_answers(pos_id,qst_number,ans_text) VALUES('46','22','2');
INSERT INTO tb_ans_answers(pos_id,qst_number,ans_text) VALUES('46','02','Praça Carlos Alberto, Vitória, Porto');
INSERT INTO tb_ans_answers(pos_id,qst_number,ans_text) VALUES('46','18b','5');
INSERT INTO tb_ans_answers(pos_id,qst_number,ans_text) VALUES('46','44','135|');
INSERT INTO tb_ans_answers(pos_id,qst_number,ans_text) VALUES('46','04','4050-157');
INSERT INTO tb_ans_answers(pos_id,qst_number,ans_text) VALUES('46','16','46|');
INSERT INTO tb_ans_answers(pos_id,qst_number,ans_text) VALUES('46','26','0');
INSERT INTO tb_ans_answers(pos_id,qst_number,ans_text) VALUES('46','25','0');
INSERT INTO tb_ans_answers(pos_id,qst_number,ans_text) VALUES('46','14','1');
INSERT INTO tb_ans_answers(pos_id,qst_number,ans_text) VALUES('46','49b','5');
INSERT INTO tb_ans_answers(pos_id,qst_number,ans_text) VALUES('46','13b','297|');
INSERT INTO tb_ans_answers(pos_id,qst_number,ans_text) VALUES('46','23','0');
INSERT INTO tb_ans_answers(pos_id,qst_number,ans_text) VALUES('46','31','0');
INSERT INTO tb_ans_answers(pos_id,qst_number,ans_text) VALUES('46','33','0');
INSERT INTO tb_ans_answers(pos_id,qst_number,ans_text) VALUES('46','46c','0');
INSERT INTO tb_ans_answers(pos_id,qst_number,ans_text) VALUES('46','42','0');
INSERT INTO tb_ans_answers(pos_id,qst_number,ans_text) VALUES('46','32a','0');
INSERT INTO tb_ans_answers(pos_id,qst_number,ans_text) VALUES('46','48a','');
INSERT INTO tb_ans_answers(pos_id,qst_number,ans_text) VALUES('46','36','1');
INSERT INTO tb_ans_answers(pos_id,qst_number,ans_text) VALUES('46','27','');
INSERT INTO tb_ans_answers(pos_id,qst_number,ans_text) VALUES('46','49c','5');
INSERT INTO tb_ans_answers(pos_id,qst_number,ans_text) VALUES('46','46b','1');
INSERT INTO tb_ans_answers(pos_id,qst_number,ans_text) VALUES('46','43','1');
INSERT INTO tb_ans_answers(pos_id,qst_number,ans_text) VALUES('46','39','1');
INSERT INTO tb_ans_answers(pos_id,qst_number,ans_text) VALUES('46','48b','');
INSERT INTO tb_ans_answers(pos_id,qst_number,ans_text) VALUES('46','38','1');
INSERT INTO tb_ans_answers(pos_id,qst_number,ans_text) VALUES('46','47','1');
INSERT INTO tb_ans_answers(pos_id,qst_number,ans_text) VALUES('46','17','1');
INSERT INTO tb_ans_answers(pos_id,qst_number,ans_text) VALUES('46','05','41.14859732213606 -8.615783942597252');
INSERT INTO tb_ans_answers(pos_id,qst_number,ans_text) VALUES('46','10','0');
INSERT INTO tb_ans_answers(pos_id,qst_number,ans_text) VALUES('46','35','1');
INSERT INTO tb_ans_answers(pos_id,qst_number,ans_text) VALUES('46','49a','3');
INSERT INTO tb_ans_answers(pos_id,qst_number,ans_text) VALUES('46','13a','1');
INSERT INTO tb_ans_answers(pos_id,qst_number,ans_text) VALUES('46','45','1');
INSERT INTO tb_ans_answers(pos_id,qst_number,ans_text) VALUES('46','29','0|');
INSERT INTO tb_ans_answers(pos_id,qst_number,ans_text) VALUES('46','46a','1');
INSERT INTO tb_ans_answers(pos_id,qst_number,ans_text) VALUES('46','01','45');
INSERT INTO tb_ans_answers(pos_id,qst_number,ans_text) VALUES('46','19','64|61|');
INSERT INTO tb_ans_answers(pos_id,qst_number,ans_text) VALUES('46','37','0');
INSERT INTO tb_ans_answers(pos_id,qst_number,ans_text) VALUES('46','09','0');
INSERT INTO tb_ans_answers(pos_id,qst_number,ans_text) VALUES('46','34','4');
INSERT INTO tb_ans_answers(pos_id,qst_number,ans_text) VALUES('46','07','2|');
INSERT INTO tb_ans_answers(pos_id,qst_number,ans_text) VALUES('46','08','10|');
INSERT INTO tb_ans_answers(pos_id,qst_number,ans_text) VALUES('46','24','0');
INSERT INTO tb_ans_answers(pos_id,qst_number,ans_text) VALUES('46','03','0.22');
INSERT INTO tb_ans_answers(pos_id,qst_number,ans_text) VALUES('46','28','');
INSERT INTO tb_ans_answers(pos_id,qst_number,ans_text) VALUES('46','18a','53|');
INSERT INTO tb_ans_answers(pos_id,qst_number,ans_text) VALUES('46','15','1');
INSERT INTO tb_ans_answers(pos_id,qst_number,ans_text) VALUES('46','30','0');
INSERT INTO tb_ans_answers(pos_id,qst_number,ans_text) VALUES('46','40','1');
INSERT INTO tb_ans_answers(pos_id,qst_number,ans_text) VALUES('47','49c','5');
INSERT INTO tb_ans_answers(pos_id,qst_number,ans_text) VALUES('47','18a','53|');
INSERT INTO tb_ans_answers(pos_id,qst_number,ans_text) VALUES('47','26','0');
INSERT INTO tb_ans_answers(pos_id,qst_number,ans_text) VALUES('47','33','0');
INSERT INTO tb_ans_answers(pos_id,qst_number,ans_text) VALUES('47','32b','2');
INSERT INTO tb_ans_answers(pos_id,qst_number,ans_text) VALUES('47','32a','1');
INSERT INTO tb_ans_answers(pos_id,qst_number,ans_text) VALUES('47','42','0');
INSERT INTO tb_ans_answers(pos_id,qst_number,ans_text) VALUES('47','17','1');
INSERT INTO tb_ans_answers(pos_id,qst_number,ans_text) VALUES('47','44','135|');
INSERT INTO tb_ans_answers(pos_id,qst_number,ans_text) VALUES('47','13a','1');
INSERT INTO tb_ans_answers(pos_id,qst_number,ans_text) VALUES('47','04','4300-401');
INSERT INTO tb_ans_answers(pos_id,qst_number,ans_text) VALUES('47','29','0|');
INSERT INTO tb_ans_answers(pos_id,qst_number,ans_text) VALUES('47','14','1');
INSERT INTO tb_ans_answers(pos_id,qst_number,ans_text) VALUES('47','46b','1');
INSERT INTO tb_ans_answers(pos_id,qst_number,ans_text) VALUES('47','45','1');
INSERT INTO tb_ans_answers(pos_id,qst_number,ans_text) VALUES('47','11','');
INSERT INTO tb_ans_answers(pos_id,qst_number,ans_text) VALUES('47','46a','1');
INSERT INTO tb_ans_answers(pos_id,qst_number,ans_text) VALUES('47','38','0');
INSERT INTO tb_ans_answers(pos_id,qst_number,ans_text) VALUES('47','06','');
INSERT INTO tb_ans_answers(pos_id,qst_number,ans_text) VALUES('47','39','1');
INSERT INTO tb_ans_answers(pos_id,qst_number,ans_text) VALUES('47','05','41.15591602956908 -8.590991673991084');
INSERT INTO tb_ans_answers(pos_id,qst_number,ans_text) VALUES('47','40','1');
INSERT INTO tb_ans_answers(pos_id,qst_number,ans_text) VALUES('47','22','2');
INSERT INTO tb_ans_answers(pos_id,qst_number,ans_text) VALUES('47','08','10|');
INSERT INTO tb_ans_answers(pos_id,qst_number,ans_text) VALUES('47','19','61|298|');
INSERT INTO tb_ans_answers(pos_id,qst_number,ans_text) VALUES('47','10','0');
INSERT INTO tb_ans_answers(pos_id,qst_number,ans_text) VALUES('47','27','');
INSERT INTO tb_ans_answers(pos_id,qst_number,ans_text) VALUES('47','18b','5');
INSERT INTO tb_ans_answers(pos_id,qst_number,ans_text) VALUES('47','23','0');
INSERT INTO tb_ans_answers(pos_id,qst_number,ans_text) VALUES('47','01','46');
INSERT INTO tb_ans_answers(pos_id,qst_number,ans_text) VALUES('47','12','');
INSERT INTO tb_ans_answers(pos_id,qst_number,ans_text) VALUES('47','41','0');
INSERT INTO tb_ans_answers(pos_id,qst_number,ans_text) VALUES('47','49a','3');
INSERT INTO tb_ans_answers(pos_id,qst_number,ans_text) VALUES('47','36','0');
INSERT INTO tb_ans_answers(pos_id,qst_number,ans_text) VALUES('47','09','0');
INSERT INTO tb_ans_answers(pos_id,qst_number,ans_text) VALUES('47','07','2|');
INSERT INTO tb_ans_answers(pos_id,qst_number,ans_text) VALUES('47','48a','1');
INSERT INTO tb_ans_answers(pos_id,qst_number,ans_text) VALUES('47','46c','0');
INSERT INTO tb_ans_answers(pos_id,qst_number,ans_text) VALUES('47','24','0');
INSERT INTO tb_ans_answers(pos_id,qst_number,ans_text) VALUES('47','20','1');
INSERT INTO tb_ans_answers(pos_id,qst_number,ans_text) VALUES('47','25','1');
INSERT INTO tb_ans_answers(pos_id,qst_number,ans_text) VALUES('47','16','49|');
INSERT INTO tb_ans_answers(pos_id,qst_number,ans_text) VALUES('47','21','69|');
INSERT INTO tb_ans_answers(pos_id,qst_number,ans_text) VALUES('47','37','0');
INSERT INTO tb_ans_answers(pos_id,qst_number,ans_text) VALUES('47','03','0.61');
INSERT INTO tb_ans_answers(pos_id,qst_number,ans_text) VALUES('47','48b','1');
INSERT INTO tb_ans_answers(pos_id,qst_number,ans_text) VALUES('47','31','0');
INSERT INTO tb_ans_answers(pos_id,qst_number,ans_text) VALUES('47','15','1');
INSERT INTO tb_ans_answers(pos_id,qst_number,ans_text) VALUES('47','49b','5');
INSERT INTO tb_ans_answers(pos_id,qst_number,ans_text) VALUES('47','30','0');
INSERT INTO tb_ans_answers(pos_id,qst_number,ans_text) VALUES('47','34','4');
INSERT INTO tb_ans_answers(pos_id,qst_number,ans_text) VALUES('47','28','');
INSERT INTO tb_ans_answers(pos_id,qst_number,ans_text) VALUES('47','47','0');
INSERT INTO tb_ans_answers(pos_id,qst_number,ans_text) VALUES('47','35','1');
INSERT INTO tb_ans_answers(pos_id,qst_number,ans_text) VALUES('47','43','1');
INSERT INTO tb_ans_answers(pos_id,qst_number,ans_text) VALUES('47','13b','299|');
INSERT INTO tb_ans_answers(pos_id,qst_number,ans_text) VALUES('47','02','Praça das Flores, Bonfim, Porto');
INSERT INTO tb_ans_answers(pos_id,qst_number,ans_text) VALUES('48','04','4150-403');
INSERT INTO tb_ans_answers(pos_id,qst_number,ans_text) VALUES('48','16','49|');
INSERT INTO tb_ans_answers(pos_id,qst_number,ans_text) VALUES('48','13b','300|');
INSERT INTO tb_ans_answers(pos_id,qst_number,ans_text) VALUES('48','42','0');
INSERT INTO tb_ans_answers(pos_id,qst_number,ans_text) VALUES('48','33','0');
INSERT INTO tb_ans_answers(pos_id,qst_number,ans_text) VALUES('48','28','');
INSERT INTO tb_ans_answers(pos_id,qst_number,ans_text) VALUES('48','18a','53|');
INSERT INTO tb_ans_answers(pos_id,qst_number,ans_text) VALUES('48','17','0');
INSERT INTO tb_ans_answers(pos_id,qst_number,ans_text) VALUES('48','43','1');
INSERT INTO tb_ans_answers(pos_id,qst_number,ans_text) VALUES('48','29','0|');
INSERT INTO tb_ans_answers(pos_id,qst_number,ans_text) VALUES('48','46c','0');
INSERT INTO tb_ans_answers(pos_id,qst_number,ans_text) VALUES('48','11','');
INSERT INTO tb_ans_answers(pos_id,qst_number,ans_text) VALUES('48','24','0');
INSERT INTO tb_ans_answers(pos_id,qst_number,ans_text) VALUES('48','49b','5');
INSERT INTO tb_ans_answers(pos_id,qst_number,ans_text) VALUES('48','25','0');
INSERT INTO tb_ans_answers(pos_id,qst_number,ans_text) VALUES('48','48a','1');
INSERT INTO tb_ans_answers(pos_id,qst_number,ans_text) VALUES('48','38','1');
INSERT INTO tb_ans_answers(pos_id,qst_number,ans_text) VALUES('48','01','47');
INSERT INTO tb_ans_answers(pos_id,qst_number,ans_text) VALUES('48','19','65|64|61|');
INSERT INTO tb_ans_answers(pos_id,qst_number,ans_text) VALUES('48','09','0');
INSERT INTO tb_ans_answers(pos_id,qst_number,ans_text) VALUES('48','13a','1');
INSERT INTO tb_ans_answers(pos_id,qst_number,ans_text) VALUES('48','40','1');
INSERT INTO tb_ans_answers(pos_id,qst_number,ans_text) VALUES('48','27','');
INSERT INTO tb_ans_answers(pos_id,qst_number,ans_text) VALUES('48','07','2|');
INSERT INTO tb_ans_answers(pos_id,qst_number,ans_text) VALUES('48','31','0');
INSERT INTO tb_ans_answers(pos_id,qst_number,ans_text) VALUES('48','05','41.15521920845581 -8.672694012522697');
INSERT INTO tb_ans_answers(pos_id,qst_number,ans_text) VALUES('48','20','1');
INSERT INTO tb_ans_answers(pos_id,qst_number,ans_text) VALUES('48','37','0');
INSERT INTO tb_ans_answers(pos_id,qst_number,ans_text) VALUES('48','48b','0');
INSERT INTO tb_ans_answers(pos_id,qst_number,ans_text) VALUES('48','08','10|');
INSERT INTO tb_ans_answers(pos_id,qst_number,ans_text) VALUES('48','12','');
INSERT INTO tb_ans_answers(pos_id,qst_number,ans_text) VALUES('48','45','1');
INSERT INTO tb_ans_answers(pos_id,qst_number,ans_text) VALUES('48','34','4');
INSERT INTO tb_ans_answers(pos_id,qst_number,ans_text) VALUES('48','32a','0');
INSERT INTO tb_ans_answers(pos_id,qst_number,ans_text) VALUES('48','32b','');
INSERT INTO tb_ans_answers(pos_id,qst_number,ans_text) VALUES('48','06','');
INSERT INTO tb_ans_answers(pos_id,qst_number,ans_text) VALUES('48','46b','1');
INSERT INTO tb_ans_answers(pos_id,qst_number,ans_text) VALUES('48','30','0');
INSERT INTO tb_ans_answers(pos_id,qst_number,ans_text) VALUES('48','18b','5');
INSERT INTO tb_ans_answers(pos_id,qst_number,ans_text) VALUES('48','10','0');
INSERT INTO tb_ans_answers(pos_id,qst_number,ans_text) VALUES('48','49c','5');
INSERT INTO tb_ans_answers(pos_id,qst_number,ans_text) VALUES('48','47','0');
INSERT INTO tb_ans_answers(pos_id,qst_number,ans_text) VALUES('48','15','1');
INSERT INTO tb_ans_answers(pos_id,qst_number,ans_text) VALUES('48','22','2');
INSERT INTO tb_ans_answers(pos_id,qst_number,ans_text) VALUES('48','03','0.66');
INSERT INTO tb_ans_answers(pos_id,qst_number,ans_text) VALUES('48','23','0');
INSERT INTO tb_ans_answers(pos_id,qst_number,ans_text) VALUES('48','14','1');
INSERT INTO tb_ans_answers(pos_id,qst_number,ans_text) VALUES('48','26','0');
INSERT INTO tb_ans_answers(pos_id,qst_number,ans_text) VALUES('48','39','1');
INSERT INTO tb_ans_answers(pos_id,qst_number,ans_text) VALUES('48','35','1');
INSERT INTO tb_ans_answers(pos_id,qst_number,ans_text) VALUES('48','44','136|134|');
INSERT INTO tb_ans_answers(pos_id,qst_number,ans_text) VALUES('48','46a','1');
INSERT INTO tb_ans_answers(pos_id,qst_number,ans_text) VALUES('48','36','1');
INSERT INTO tb_ans_answers(pos_id,qst_number,ans_text) VALUES('48','02','Praça do Império, Foz do Douro, Porto');
INSERT INTO tb_ans_answers(pos_id,qst_number,ans_text) VALUES('48','21','69|');
INSERT INTO tb_ans_answers(pos_id,qst_number,ans_text) VALUES('48','49a','3');
INSERT INTO tb_ans_answers(pos_id,qst_number,ans_text) VALUES('48','41','0');
INSERT INTO tb_ans_answers(pos_id,qst_number,ans_text) VALUES('49','42','1');
INSERT INTO tb_ans_answers(pos_id,qst_number,ans_text) VALUES('49','18a','53|');
INSERT INTO tb_ans_answers(pos_id,qst_number,ans_text) VALUES('49','17','1');
INSERT INTO tb_ans_answers(pos_id,qst_number,ans_text) VALUES('49','49a','3');
INSERT INTO tb_ans_answers(pos_id,qst_number,ans_text) VALUES('49','41','0');
INSERT INTO tb_ans_answers(pos_id,qst_number,ans_text) VALUES('49','20','1');
INSERT INTO tb_ans_answers(pos_id,qst_number,ans_text) VALUES('49','25','1');
INSERT INTO tb_ans_answers(pos_id,qst_number,ans_text) VALUES('49','30','0');
INSERT INTO tb_ans_answers(pos_id,qst_number,ans_text) VALUES('49','21','69|');
INSERT INTO tb_ans_answers(pos_id,qst_number,ans_text) VALUES('49','23','0');
INSERT INTO tb_ans_answers(pos_id,qst_number,ans_text) VALUES('49','27','');
INSERT INTO tb_ans_answers(pos_id,qst_number,ans_text) VALUES('49','18b','3');
INSERT INTO tb_ans_answers(pos_id,qst_number,ans_text) VALUES('49','39','0');
INSERT INTO tb_ans_answers(pos_id,qst_number,ans_text) VALUES('49','10','0');
INSERT INTO tb_ans_answers(pos_id,qst_number,ans_text) VALUES('49','49b','3');
INSERT INTO tb_ans_answers(pos_id,qst_number,ans_text) VALUES('49','47','1');
INSERT INTO tb_ans_answers(pos_id,qst_number,ans_text) VALUES('49','07','2|1|');
INSERT INTO tb_ans_answers(pos_id,qst_number,ans_text) VALUES('49','13a','1');
INSERT INTO tb_ans_answers(pos_id,qst_number,ans_text) VALUES('49','34','4');
INSERT INTO tb_ans_answers(pos_id,qst_number,ans_text) VALUES('49','32b','');
INSERT INTO tb_ans_answers(pos_id,qst_number,ans_text) VALUES('49','45','3');
INSERT INTO tb_ans_answers(pos_id,qst_number,ans_text) VALUES('49','04','4100-162');
INSERT INTO tb_ans_answers(pos_id,qst_number,ans_text) VALUES('49','48a','');
INSERT INTO tb_ans_answers(pos_id,qst_number,ans_text) VALUES('49','48b','');
INSERT INTO tb_ans_answers(pos_id,qst_number,ans_text) VALUES('49','12','');
INSERT INTO tb_ans_answers(pos_id,qst_number,ans_text) VALUES('49','19','64|61|');
INSERT INTO tb_ans_answers(pos_id,qst_number,ans_text) VALUES('49','16','49|');
INSERT INTO tb_ans_answers(pos_id,qst_number,ans_text) VALUES('49','24','1');
INSERT INTO tb_ans_answers(pos_id,qst_number,ans_text) VALUES('49','37','0');
INSERT INTO tb_ans_answers(pos_id,qst_number,ans_text) VALUES('49','38','1');
INSERT INTO tb_ans_answers(pos_id,qst_number,ans_text) VALUES('49','33','0');
INSERT INTO tb_ans_answers(pos_id,qst_number,ans_text) VALUES('49','46a','1');
INSERT INTO tb_ans_answers(pos_id,qst_number,ans_text) VALUES('49','40','');
INSERT INTO tb_ans_answers(pos_id,qst_number,ans_text) VALUES('49','35','1');
INSERT INTO tb_ans_answers(pos_id,qst_number,ans_text) VALUES('49','36','1');
INSERT INTO tb_ans_answers(pos_id,qst_number,ans_text) VALUES('49','14','1');
INSERT INTO tb_ans_answers(pos_id,qst_number,ans_text) VALUES('49','31','0');
INSERT INTO tb_ans_answers(pos_id,qst_number,ans_text) VALUES('49','01','48');
INSERT INTO tb_ans_answers(pos_id,qst_number,ans_text) VALUES('49','05','41.17169148146937 -8.663276033475995');
INSERT INTO tb_ans_answers(pos_id,qst_number,ans_text) VALUES('49','44','136|135|');
INSERT INTO tb_ans_answers(pos_id,qst_number,ans_text) VALUES('49','13b','39|');
INSERT INTO tb_ans_answers(pos_id,qst_number,ans_text) VALUES('49','09','0');
INSERT INTO tb_ans_answers(pos_id,qst_number,ans_text) VALUES('49','28','');
INSERT INTO tb_ans_answers(pos_id,qst_number,ans_text) VALUES('49','15','1');
INSERT INTO tb_ans_answers(pos_id,qst_number,ans_text) VALUES('49','26','0');
INSERT INTO tb_ans_answers(pos_id,qst_number,ans_text) VALUES('49','43','1');
INSERT INTO tb_ans_answers(pos_id,qst_number,ans_text) VALUES('49','32a','0');
INSERT INTO tb_ans_answers(pos_id,qst_number,ans_text) VALUES('49','29','0|');
INSERT INTO tb_ans_answers(pos_id,qst_number,ans_text) VALUES('49','11','');
INSERT INTO tb_ans_answers(pos_id,qst_number,ans_text) VALUES('49','06','');
INSERT INTO tb_ans_answers(pos_id,qst_number,ans_text) VALUES('49','46b','1');
INSERT INTO tb_ans_answers(pos_id,qst_number,ans_text) VALUES('49','46c','0');
INSERT INTO tb_ans_answers(pos_id,qst_number,ans_text) VALUES('49','03','0.49');
INSERT INTO tb_ans_answers(pos_id,qst_number,ans_text) VALUES('49','22','2');
INSERT INTO tb_ans_answers(pos_id,qst_number,ans_text) VALUES('49','08','10|301|302|');
INSERT INTO tb_ans_answers(pos_id,qst_number,ans_text) VALUES('49','02','Praceta da Cidade da Praia');
INSERT INTO tb_ans_answers(pos_id,qst_number,ans_text) VALUES('49','49c','5');
INSERT INTO tb_ans_answers(pos_id,qst_number,ans_text) VALUES('50','36','1');
INSERT INTO tb_ans_answers(pos_id,qst_number,ans_text) VALUES('50','35','1');
INSERT INTO tb_ans_answers(pos_id,qst_number,ans_text) VALUES('50','17','0');
INSERT INTO tb_ans_answers(pos_id,qst_number,ans_text) VALUES('50','37','0');
INSERT INTO tb_ans_answers(pos_id,qst_number,ans_text) VALUES('50','19','64|61|');
INSERT INTO tb_ans_answers(pos_id,qst_number,ans_text) VALUES('50','32b','');
INSERT INTO tb_ans_answers(pos_id,qst_number,ans_text) VALUES('50','30','0');
INSERT INTO tb_ans_answers(pos_id,qst_number,ans_text) VALUES('50','46c','0');
INSERT INTO tb_ans_answers(pos_id,qst_number,ans_text) VALUES('50','39','0');
INSERT INTO tb_ans_answers(pos_id,qst_number,ans_text) VALUES('50','21','69|');
INSERT INTO tb_ans_answers(pos_id,qst_number,ans_text) VALUES('50','31','1');
INSERT INTO tb_ans_answers(pos_id,qst_number,ans_text) VALUES('50','07','2|');
INSERT INTO tb_ans_answers(pos_id,qst_number,ans_text) VALUES('50','09','0');
INSERT INTO tb_ans_answers(pos_id,qst_number,ans_text) VALUES('50','20','1');
INSERT INTO tb_ans_answers(pos_id,qst_number,ans_text) VALUES('50','04','4250-068');
INSERT INTO tb_ans_answers(pos_id,qst_number,ans_text) VALUES('50','41','0');
INSERT INTO tb_ans_answers(pos_id,qst_number,ans_text) VALUES('50','48b','');
INSERT INTO tb_ans_answers(pos_id,qst_number,ans_text) VALUES('50','13a','1');
INSERT INTO tb_ans_answers(pos_id,qst_number,ans_text) VALUES('50','40','');
INSERT INTO tb_ans_answers(pos_id,qst_number,ans_text) VALUES('50','16','47|');
INSERT INTO tb_ans_answers(pos_id,qst_number,ans_text) VALUES('50','48a','');
INSERT INTO tb_ans_answers(pos_id,qst_number,ans_text) VALUES('50','02','Rua Artur Maia Mendes, Paranhos, Porto');
INSERT INTO tb_ans_answers(pos_id,qst_number,ans_text) VALUES('50','08','17|10|');
INSERT INTO tb_ans_answers(pos_id,qst_number,ans_text) VALUES('50','26','1');
INSERT INTO tb_ans_answers(pos_id,qst_number,ans_text) VALUES('50','46a','1');
INSERT INTO tb_ans_answers(pos_id,qst_number,ans_text) VALUES('50','13b','39|');
INSERT INTO tb_ans_answers(pos_id,qst_number,ans_text) VALUES('50','03','0.18');
INSERT INTO tb_ans_answers(pos_id,qst_number,ans_text) VALUES('50','43','1');
INSERT INTO tb_ans_answers(pos_id,qst_number,ans_text) VALUES('50','15','1');
INSERT INTO tb_ans_answers(pos_id,qst_number,ans_text) VALUES('50','34','4');
INSERT INTO tb_ans_answers(pos_id,qst_number,ans_text) VALUES('50','06','');
INSERT INTO tb_ans_answers(pos_id,qst_number,ans_text) VALUES('50','49b','5');
INSERT INTO tb_ans_answers(pos_id,qst_number,ans_text) VALUES('50','22','1');
INSERT INTO tb_ans_answers(pos_id,qst_number,ans_text) VALUES('50','49c','5');
INSERT INTO tb_ans_answers(pos_id,qst_number,ans_text) VALUES('50','29','1|3|');
INSERT INTO tb_ans_answers(pos_id,qst_number,ans_text) VALUES('50','28','96|');
INSERT INTO tb_ans_answers(pos_id,qst_number,ans_text) VALUES('50','25','1');
INSERT INTO tb_ans_answers(pos_id,qst_number,ans_text) VALUES('50','45','1');
INSERT INTO tb_ans_answers(pos_id,qst_number,ans_text) VALUES('50','44','136|');
INSERT INTO tb_ans_answers(pos_id,qst_number,ans_text) VALUES('50','49a','3');
INSERT INTO tb_ans_answers(pos_id,qst_number,ans_text) VALUES('50','38','1');
INSERT INTO tb_ans_answers(pos_id,qst_number,ans_text) VALUES('50','11','');
INSERT INTO tb_ans_answers(pos_id,qst_number,ans_text) VALUES('50','27','89|86|85|');
INSERT INTO tb_ans_answers(pos_id,qst_number,ans_text) VALUES('50','05','41.177907561564545 -8.624067418277264');
INSERT INTO tb_ans_answers(pos_id,qst_number,ans_text) VALUES('50','42','1');
INSERT INTO tb_ans_answers(pos_id,qst_number,ans_text) VALUES('50','10','0');
INSERT INTO tb_ans_answers(pos_id,qst_number,ans_text) VALUES('50','12','');
INSERT INTO tb_ans_answers(pos_id,qst_number,ans_text) VALUES('50','24','0');
INSERT INTO tb_ans_answers(pos_id,qst_number,ans_text) VALUES('50','14','1');
INSERT INTO tb_ans_answers(pos_id,qst_number,ans_text) VALUES('50','46b','1');
INSERT INTO tb_ans_answers(pos_id,qst_number,ans_text) VALUES('50','23','0');
INSERT INTO tb_ans_answers(pos_id,qst_number,ans_text) VALUES('50','18b','5');
INSERT INTO tb_ans_answers(pos_id,qst_number,ans_text) VALUES('50','33','0');
INSERT INTO tb_ans_answers(pos_id,qst_number,ans_text) VALUES('50','01','49');
INSERT INTO tb_ans_answers(pos_id,qst_number,ans_text) VALUES('50','32a','0');
INSERT INTO tb_ans_answers(pos_id,qst_number,ans_text) VALUES('50','47','1');
INSERT INTO tb_ans_answers(pos_id,qst_number,ans_text) VALUES('50','18a','53|');
INSERT INTO tb_ans_answers(pos_id,qst_number,ans_text) VALUES('51','12','');
INSERT INTO tb_ans_answers(pos_id,qst_number,ans_text) VALUES('51','48b','');
INSERT INTO tb_ans_answers(pos_id,qst_number,ans_text) VALUES('51','28','');
INSERT INTO tb_ans_answers(pos_id,qst_number,ans_text) VALUES('51','44','');
INSERT INTO tb_ans_answers(pos_id,qst_number,ans_text) VALUES('51','31','0');
INSERT INTO tb_ans_answers(pos_id,qst_number,ans_text) VALUES('51','32b','2');
INSERT INTO tb_ans_answers(pos_id,qst_number,ans_text) VALUES('51','48a','');
INSERT INTO tb_ans_answers(pos_id,qst_number,ans_text) VALUES('51','46c','0');
INSERT INTO tb_ans_answers(pos_id,qst_number,ans_text) VALUES('51','05','41.158580316391486 -8.642158895730972');
INSERT INTO tb_ans_answers(pos_id,qst_number,ans_text) VALUES('51','41','0');
INSERT INTO tb_ans_answers(pos_id,qst_number,ans_text) VALUES('51','38','1');
INSERT INTO tb_ans_answers(pos_id,qst_number,ans_text) VALUES('51','07','3|');
INSERT INTO tb_ans_answers(pos_id,qst_number,ans_text) VALUES('51','45','2');
INSERT INTO tb_ans_answers(pos_id,qst_number,ans_text) VALUES('51','29','0|');
INSERT INTO tb_ans_answers(pos_id,qst_number,ans_text) VALUES('51','49c','5');
INSERT INTO tb_ans_answers(pos_id,qst_number,ans_text) VALUES('51','24','1');
INSERT INTO tb_ans_answers(pos_id,qst_number,ans_text) VALUES('51','02','Rua Manuel Bandeira, Lordelo do Ouro, Porto');
INSERT INTO tb_ans_answers(pos_id,qst_number,ans_text) VALUES('51','13a','0');
INSERT INTO tb_ans_answers(pos_id,qst_number,ans_text) VALUES('51','18a','55|');
INSERT INTO tb_ans_answers(pos_id,qst_number,ans_text) VALUES('51','33','0');
INSERT INTO tb_ans_answers(pos_id,qst_number,ans_text) VALUES('51','22','2');
INSERT INTO tb_ans_answers(pos_id,qst_number,ans_text) VALUES('51','03','0.66');
INSERT INTO tb_ans_answers(pos_id,qst_number,ans_text) VALUES('51','49b','5');
INSERT INTO tb_ans_answers(pos_id,qst_number,ans_text) VALUES('51','46b','1');
INSERT INTO tb_ans_answers(pos_id,qst_number,ans_text) VALUES('51','32a','1');
INSERT INTO tb_ans_answers(pos_id,qst_number,ans_text) VALUES('51','25','1');
INSERT INTO tb_ans_answers(pos_id,qst_number,ans_text) VALUES('51','42','0');
INSERT INTO tb_ans_answers(pos_id,qst_number,ans_text) VALUES('51','16','49|');
INSERT INTO tb_ans_answers(pos_id,qst_number,ans_text) VALUES('51','26','0');
INSERT INTO tb_ans_answers(pos_id,qst_number,ans_text) VALUES('51','09','0');
INSERT INTO tb_ans_answers(pos_id,qst_number,ans_text) VALUES('51','11','');
INSERT INTO tb_ans_answers(pos_id,qst_number,ans_text) VALUES('51','47','1');
INSERT INTO tb_ans_answers(pos_id,qst_number,ans_text) VALUES('51','20','1');
INSERT INTO tb_ans_answers(pos_id,qst_number,ans_text) VALUES('51','49a','5');
INSERT INTO tb_ans_answers(pos_id,qst_number,ans_text) VALUES('51','23','0');
INSERT INTO tb_ans_answers(pos_id,qst_number,ans_text) VALUES('51','35','1');
INSERT INTO tb_ans_answers(pos_id,qst_number,ans_text) VALUES('51','21','69|');
INSERT INTO tb_ans_answers(pos_id,qst_number,ans_text) VALUES('51','17','0');
INSERT INTO tb_ans_answers(pos_id,qst_number,ans_text) VALUES('51','19','');
INSERT INTO tb_ans_answers(pos_id,qst_number,ans_text) VALUES('51','08','');
INSERT INTO tb_ans_answers(pos_id,qst_number,ans_text) VALUES('51','27','');
INSERT INTO tb_ans_answers(pos_id,qst_number,ans_text) VALUES('51','30','0');
INSERT INTO tb_ans_answers(pos_id,qst_number,ans_text) VALUES('51','01','50');
INSERT INTO tb_ans_answers(pos_id,qst_number,ans_text) VALUES('51','13b','');
INSERT INTO tb_ans_answers(pos_id,qst_number,ans_text) VALUES('51','43','');
INSERT INTO tb_ans_answers(pos_id,qst_number,ans_text) VALUES('51','37','0');
INSERT INTO tb_ans_answers(pos_id,qst_number,ans_text) VALUES('51','10','0');
INSERT INTO tb_ans_answers(pos_id,qst_number,ans_text) VALUES('51','06','');
INSERT INTO tb_ans_answers(pos_id,qst_number,ans_text) VALUES('51','04','4150-479');
INSERT INTO tb_ans_answers(pos_id,qst_number,ans_text) VALUES('51','46a','2');
INSERT INTO tb_ans_answers(pos_id,qst_number,ans_text) VALUES('51','39','1');
INSERT INTO tb_ans_answers(pos_id,qst_number,ans_text) VALUES('51','34','4');
INSERT INTO tb_ans_answers(pos_id,qst_number,ans_text) VALUES('51','36','0');
INSERT INTO tb_ans_answers(pos_id,qst_number,ans_text) VALUES('51','40','2');
INSERT INTO tb_ans_answers(pos_id,qst_number,ans_text) VALUES('51','15','2');
INSERT INTO tb_ans_answers(pos_id,qst_number,ans_text) VALUES('51','18b','');
INSERT INTO tb_ans_answers(pos_id,qst_number,ans_text) VALUES('51','14','1');
INSERT INTO tb_ans_answers(pos_id,qst_number,ans_text) VALUES('52','46a','1');
INSERT INTO tb_ans_answers(pos_id,qst_number,ans_text) VALUES('52','28','');
INSERT INTO tb_ans_answers(pos_id,qst_number,ans_text) VALUES('52','11','');
INSERT INTO tb_ans_answers(pos_id,qst_number,ans_text) VALUES('52','17','1');
INSERT INTO tb_ans_answers(pos_id,qst_number,ans_text) VALUES('52','05','41.17512356825688 -8.589509981019157');
INSERT INTO tb_ans_answers(pos_id,qst_number,ans_text) VALUES('52','29','0|');
INSERT INTO tb_ans_answers(pos_id,qst_number,ans_text) VALUES('52','24','0');
INSERT INTO tb_ans_answers(pos_id,qst_number,ans_text) VALUES('52','04','4200-001');
INSERT INTO tb_ans_answers(pos_id,qst_number,ans_text) VALUES('52','01','51');
INSERT INTO tb_ans_answers(pos_id,qst_number,ans_text) VALUES('52','19','63|');
INSERT INTO tb_ans_answers(pos_id,qst_number,ans_text) VALUES('52','44','135|');
INSERT INTO tb_ans_answers(pos_id,qst_number,ans_text) VALUES('52','32a','1');
INSERT INTO tb_ans_answers(pos_id,qst_number,ans_text) VALUES('52','20','1');
INSERT INTO tb_ans_answers(pos_id,qst_number,ans_text) VALUES('52','25','1');
INSERT INTO tb_ans_answers(pos_id,qst_number,ans_text) VALUES('52','23','1');
INSERT INTO tb_ans_answers(pos_id,qst_number,ans_text) VALUES('52','40','');
INSERT INTO tb_ans_answers(pos_id,qst_number,ans_text) VALUES('52','13a','0');
INSERT INTO tb_ans_answers(pos_id,qst_number,ans_text) VALUES('52','02','Rua do Professor Antônio Cruz, Paranhos, Porto');
INSERT INTO tb_ans_answers(pos_id,qst_number,ans_text) VALUES('52','26','0');
INSERT INTO tb_ans_answers(pos_id,qst_number,ans_text) VALUES('52','07','2|');
INSERT INTO tb_ans_answers(pos_id,qst_number,ans_text) VALUES('52','45','1');
INSERT INTO tb_ans_answers(pos_id,qst_number,ans_text) VALUES('52','48a','1');
INSERT INTO tb_ans_answers(pos_id,qst_number,ans_text) VALUES('52','37','0');
INSERT INTO tb_ans_answers(pos_id,qst_number,ans_text) VALUES('52','03','0.36');
INSERT INTO tb_ans_answers(pos_id,qst_number,ans_text) VALUES('52','27','');
INSERT INTO tb_ans_answers(pos_id,qst_number,ans_text) VALUES('52','49a','4');
INSERT INTO tb_ans_answers(pos_id,qst_number,ans_text) VALUES('52','21','69|');
INSERT INTO tb_ans_answers(pos_id,qst_number,ans_text) VALUES('52','18a','53|');
INSERT INTO tb_ans_answers(pos_id,qst_number,ans_text) VALUES('52','49c','5');
INSERT INTO tb_ans_answers(pos_id,qst_number,ans_text) VALUES('52','33','0');
INSERT INTO tb_ans_answers(pos_id,qst_number,ans_text) VALUES('52','13b','');
INSERT INTO tb_ans_answers(pos_id,qst_number,ans_text) VALUES('52','34','4');
INSERT INTO tb_ans_answers(pos_id,qst_number,ans_text) VALUES('52','30','0');
INSERT INTO tb_ans_answers(pos_id,qst_number,ans_text) VALUES('52','39','0');
INSERT INTO tb_ans_answers(pos_id,qst_number,ans_text) VALUES('52','49b','5');
INSERT INTO tb_ans_answers(pos_id,qst_number,ans_text) VALUES('52','10','0');
INSERT INTO tb_ans_answers(pos_id,qst_number,ans_text) VALUES('52','32b','1');
INSERT INTO tb_ans_answers(pos_id,qst_number,ans_text) VALUES('52','31','0');
INSERT INTO tb_ans_answers(pos_id,qst_number,ans_text) VALUES('52','35','1');
INSERT INTO tb_ans_answers(pos_id,qst_number,ans_text) VALUES('52','46c','0');
INSERT INTO tb_ans_answers(pos_id,qst_number,ans_text) VALUES('52','46b','1');
INSERT INTO tb_ans_answers(pos_id,qst_number,ans_text) VALUES('52','38','0');
INSERT INTO tb_ans_answers(pos_id,qst_number,ans_text) VALUES('52','16','48|');
INSERT INTO tb_ans_answers(pos_id,qst_number,ans_text) VALUES('52','09','0');
INSERT INTO tb_ans_answers(pos_id,qst_number,ans_text) VALUES('52','41','0');
INSERT INTO tb_ans_answers(pos_id,qst_number,ans_text) VALUES('52','15','1');
INSERT INTO tb_ans_answers(pos_id,qst_number,ans_text) VALUES('52','36','1');
INSERT INTO tb_ans_answers(pos_id,qst_number,ans_text) VALUES('52','48b','0');
INSERT INTO tb_ans_answers(pos_id,qst_number,ans_text) VALUES('52','08','10|');
INSERT INTO tb_ans_answers(pos_id,qst_number,ans_text) VALUES('52','14','1');
INSERT INTO tb_ans_answers(pos_id,qst_number,ans_text) VALUES('52','06','');
INSERT INTO tb_ans_answers(pos_id,qst_number,ans_text) VALUES('52','22','2');
INSERT INTO tb_ans_answers(pos_id,qst_number,ans_text) VALUES('52','43','1');
INSERT INTO tb_ans_answers(pos_id,qst_number,ans_text) VALUES('52','18b','2');
INSERT INTO tb_ans_answers(pos_id,qst_number,ans_text) VALUES('52','47','0');
INSERT INTO tb_ans_answers(pos_id,qst_number,ans_text) VALUES('52','42','0');
INSERT INTO tb_ans_answers(pos_id,qst_number,ans_text) VALUES('52','12','');
INSERT INTO tb_ans_answers(pos_id,qst_number,ans_text) VALUES('59','23','1');
INSERT INTO tb_ans_answers(pos_id,qst_number,ans_text) VALUES('59','05','41.164815262913166 -8.597988990299841');
INSERT INTO tb_ans_answers(pos_id,qst_number,ans_text) VALUES('59','47','0');
INSERT INTO tb_ans_answers(pos_id,qst_number,ans_text) VALUES('59','36','1');
INSERT INTO tb_ans_answers(pos_id,qst_number,ans_text) VALUES('59','48b','1');
INSERT INTO tb_ans_answers(pos_id,qst_number,ans_text) VALUES('59','39','0');
INSERT INTO tb_ans_answers(pos_id,qst_number,ans_text) VALUES('59','17','1');
INSERT INTO tb_ans_answers(pos_id,qst_number,ans_text) VALUES('59','40','');
INSERT INTO tb_ans_answers(pos_id,qst_number,ans_text) VALUES('59','48a','1');
INSERT INTO tb_ans_answers(pos_id,qst_number,ans_text) VALUES('59','27','');
INSERT INTO tb_ans_answers(pos_id,qst_number,ans_text) VALUES('59','07','2|');
INSERT INTO tb_ans_answers(pos_id,qst_number,ans_text) VALUES('59','46c','0');
INSERT INTO tb_ans_answers(pos_id,qst_number,ans_text) VALUES('59','33','0');
INSERT INTO tb_ans_answers(pos_id,qst_number,ans_text) VALUES('59','18b','3');
INSERT INTO tb_ans_answers(pos_id,qst_number,ans_text) VALUES('59','30','0');
INSERT INTO tb_ans_answers(pos_id,qst_number,ans_text) VALUES('59','01','52');
INSERT INTO tb_ans_answers(pos_id,qst_number,ans_text) VALUES('59','08','10|');
INSERT INTO tb_ans_answers(pos_id,qst_number,ans_text) VALUES('59','46b','1');
INSERT INTO tb_ans_answers(pos_id,qst_number,ans_text) VALUES('59','45','3');
INSERT INTO tb_ans_answers(pos_id,qst_number,ans_text) VALUES('59','28','');
INSERT INTO tb_ans_answers(pos_id,qst_number,ans_text) VALUES('59','34','4');
INSERT INTO tb_ans_answers(pos_id,qst_number,ans_text) VALUES('59','21','69|');
INSERT INTO tb_ans_answers(pos_id,qst_number,ans_text) VALUES('59','26','0');
INSERT INTO tb_ans_answers(pos_id,qst_number,ans_text) VALUES('59','25','0');
INSERT INTO tb_ans_answers(pos_id,qst_number,ans_text) VALUES('59','44','135|');
INSERT INTO tb_ans_answers(pos_id,qst_number,ans_text) VALUES('59','13b','');
INSERT INTO tb_ans_answers(pos_id,qst_number,ans_text) VALUES('59','29','0|');
INSERT INTO tb_ans_answers(pos_id,qst_number,ans_text) VALUES('59','46a','1');
INSERT INTO tb_ans_answers(pos_id,qst_number,ans_text) VALUES('59','37','0');
INSERT INTO tb_ans_answers(pos_id,qst_number,ans_text) VALUES('59','32b','');
INSERT INTO tb_ans_answers(pos_id,qst_number,ans_text) VALUES('59','22','2');
INSERT INTO tb_ans_answers(pos_id,qst_number,ans_text) VALUES('59','32a','0');
INSERT INTO tb_ans_answers(pos_id,qst_number,ans_text) VALUES('59','02','Rua Professor Bento de Jesus Carraça, Paranhos, Porto');
INSERT INTO tb_ans_answers(pos_id,qst_number,ans_text) VALUES('59','16','49|');
INSERT INTO tb_ans_answers(pos_id,qst_number,ans_text) VALUES('59','19','63|');
INSERT INTO tb_ans_answers(pos_id,qst_number,ans_text) VALUES('59','35','1');
INSERT INTO tb_ans_answers(pos_id,qst_number,ans_text) VALUES('59','15','1');
INSERT INTO tb_ans_answers(pos_id,qst_number,ans_text) VALUES('59','38','1');
INSERT INTO tb_ans_answers(pos_id,qst_number,ans_text) VALUES('59','10','1');
INSERT INTO tb_ans_answers(pos_id,qst_number,ans_text) VALUES('59','49c','5');
INSERT INTO tb_ans_answers(pos_id,qst_number,ans_text) VALUES('59','31','0');
INSERT INTO tb_ans_answers(pos_id,qst_number,ans_text) VALUES('59','20','1');
INSERT INTO tb_ans_answers(pos_id,qst_number,ans_text) VALUES('59','13a','0');
INSERT INTO tb_ans_answers(pos_id,qst_number,ans_text) VALUES('59','49a','4');
INSERT INTO tb_ans_answers(pos_id,qst_number,ans_text) VALUES('59','49b','5');
INSERT INTO tb_ans_answers(pos_id,qst_number,ans_text) VALUES('59','43','1');
INSERT INTO tb_ans_answers(pos_id,qst_number,ans_text) VALUES('59','03','0.82');
INSERT INTO tb_ans_answers(pos_id,qst_number,ans_text) VALUES('59','04','4200-128');
INSERT INTO tb_ans_answers(pos_id,qst_number,ans_text) VALUES('59','09','0');
INSERT INTO tb_ans_answers(pos_id,qst_number,ans_text) VALUES('59','41','0');
INSERT INTO tb_ans_answers(pos_id,qst_number,ans_text) VALUES('59','11','25|');
INSERT INTO tb_ans_answers(pos_id,qst_number,ans_text) VALUES('59','14','1');
INSERT INTO tb_ans_answers(pos_id,qst_number,ans_text) VALUES('59','18a','53|');
INSERT INTO tb_ans_answers(pos_id,qst_number,ans_text) VALUES('59','12','1');
INSERT INTO tb_ans_answers(pos_id,qst_number,ans_text) VALUES('59','24','1');
INSERT INTO tb_ans_answers(pos_id,qst_number,ans_text) VALUES('59','06','');
INSERT INTO tb_ans_answers(pos_id,qst_number,ans_text) VALUES('59','42','1');
INSERT INTO tb_ans_answers(pos_id,qst_number,ans_text) VALUES('54','14','1');
INSERT INTO tb_ans_answers(pos_id,qst_number,ans_text) VALUES('54','21','69|');
INSERT INTO tb_ans_answers(pos_id,qst_number,ans_text) VALUES('54','45','3');
INSERT INTO tb_ans_answers(pos_id,qst_number,ans_text) VALUES('54','03','0.06');
INSERT INTO tb_ans_answers(pos_id,qst_number,ans_text) VALUES('54','23','1');
INSERT INTO tb_ans_answers(pos_id,qst_number,ans_text) VALUES('54','13a','0');
INSERT INTO tb_ans_answers(pos_id,qst_number,ans_text) VALUES('54','40','');
INSERT INTO tb_ans_answers(pos_id,qst_number,ans_text) VALUES('54','46a','2');
INSERT INTO tb_ans_answers(pos_id,qst_number,ans_text) VALUES('54','05','41.147846776199906 -8.591342205181718');
INSERT INTO tb_ans_answers(pos_id,qst_number,ans_text) VALUES('54','12','');
INSERT INTO tb_ans_answers(pos_id,qst_number,ans_text) VALUES('54','11','');
INSERT INTO tb_ans_answers(pos_id,qst_number,ans_text) VALUES('54','33','0');
INSERT INTO tb_ans_answers(pos_id,qst_number,ans_text) VALUES('54','10','0');
INSERT INTO tb_ans_answers(pos_id,qst_number,ans_text) VALUES('54','49b','2');
INSERT INTO tb_ans_answers(pos_id,qst_number,ans_text) VALUES('54','37','0');
INSERT INTO tb_ans_answers(pos_id,qst_number,ans_text) VALUES('54','39','0');
INSERT INTO tb_ans_answers(pos_id,qst_number,ans_text) VALUES('54','09','0');
INSERT INTO tb_ans_answers(pos_id,qst_number,ans_text) VALUES('54','02','Travessa da Lomba');
INSERT INTO tb_ans_answers(pos_id,qst_number,ans_text) VALUES('54','36','1');
INSERT INTO tb_ans_answers(pos_id,qst_number,ans_text) VALUES('54','13b','');
INSERT INTO tb_ans_answers(pos_id,qst_number,ans_text) VALUES('54','46c','0');
INSERT INTO tb_ans_answers(pos_id,qst_number,ans_text) VALUES('54','04','4300-303');
INSERT INTO tb_ans_answers(pos_id,qst_number,ans_text) VALUES('54','41','0');
INSERT INTO tb_ans_answers(pos_id,qst_number,ans_text) VALUES('54','06','2006');
INSERT INTO tb_ans_answers(pos_id,qst_number,ans_text) VALUES('54','30','0');
INSERT INTO tb_ans_answers(pos_id,qst_number,ans_text) VALUES('54','48b','');
INSERT INTO tb_ans_answers(pos_id,qst_number,ans_text) VALUES('54','17','0');
INSERT INTO tb_ans_answers(pos_id,qst_number,ans_text) VALUES('54','20','1');
INSERT INTO tb_ans_answers(pos_id,qst_number,ans_text) VALUES('54','32a','0');
INSERT INTO tb_ans_answers(pos_id,qst_number,ans_text) VALUES('54','27','');
INSERT INTO tb_ans_answers(pos_id,qst_number,ans_text) VALUES('54','44','135|');
INSERT INTO tb_ans_answers(pos_id,qst_number,ans_text) VALUES('54','35','1');
INSERT INTO tb_ans_answers(pos_id,qst_number,ans_text) VALUES('54','28','');
INSERT INTO tb_ans_answers(pos_id,qst_number,ans_text) VALUES('54','38','1');
INSERT INTO tb_ans_answers(pos_id,qst_number,ans_text) VALUES('54','25','1');
INSERT INTO tb_ans_answers(pos_id,qst_number,ans_text) VALUES('54','15','1');
INSERT INTO tb_ans_answers(pos_id,qst_number,ans_text) VALUES('54','42','1');
INSERT INTO tb_ans_answers(pos_id,qst_number,ans_text) VALUES('54','22','2');
INSERT INTO tb_ans_answers(pos_id,qst_number,ans_text) VALUES('54','26','0');
INSERT INTO tb_ans_answers(pos_id,qst_number,ans_text) VALUES('54','08','13|10|303|');
INSERT INTO tb_ans_answers(pos_id,qst_number,ans_text) VALUES('54','46b','2');
INSERT INTO tb_ans_answers(pos_id,qst_number,ans_text) VALUES('54','19','64|63|');
INSERT INTO tb_ans_answers(pos_id,qst_number,ans_text) VALUES('54','29','0|');
INSERT INTO tb_ans_answers(pos_id,qst_number,ans_text) VALUES('54','18a','53|');
INSERT INTO tb_ans_answers(pos_id,qst_number,ans_text) VALUES('54','16','47|');
INSERT INTO tb_ans_answers(pos_id,qst_number,ans_text) VALUES('54','49c','5');
INSERT INTO tb_ans_answers(pos_id,qst_number,ans_text) VALUES('54','31','1');
INSERT INTO tb_ans_answers(pos_id,qst_number,ans_text) VALUES('54','18b','2');
INSERT INTO tb_ans_answers(pos_id,qst_number,ans_text) VALUES('54','43','1');
INSERT INTO tb_ans_answers(pos_id,qst_number,ans_text) VALUES('54','34','4');
INSERT INTO tb_ans_answers(pos_id,qst_number,ans_text) VALUES('54','48a','');
INSERT INTO tb_ans_answers(pos_id,qst_number,ans_text) VALUES('54','01','53');
INSERT INTO tb_ans_answers(pos_id,qst_number,ans_text) VALUES('54','07','2|1|');
INSERT INTO tb_ans_answers(pos_id,qst_number,ans_text) VALUES('54','24','0');
INSERT INTO tb_ans_answers(pos_id,qst_number,ans_text) VALUES('54','47','1');
INSERT INTO tb_ans_answers(pos_id,qst_number,ans_text) VALUES('54','49a','3');
INSERT INTO tb_ans_answers(pos_id,qst_number,ans_text) VALUES('54','32b','');
INSERT INTO tb_ans_answers(pos_id,qst_number,ans_text) VALUES('56','46b','1');
INSERT INTO tb_ans_answers(pos_id,qst_number,ans_text) VALUES('56','40','4');
INSERT INTO tb_ans_answers(pos_id,qst_number,ans_text) VALUES('56','34','4');
INSERT INTO tb_ans_answers(pos_id,qst_number,ans_text) VALUES('56','17','0');
INSERT INTO tb_ans_answers(pos_id,qst_number,ans_text) VALUES('56','46a','2');
INSERT INTO tb_ans_answers(pos_id,qst_number,ans_text) VALUES('56','12','');
INSERT INTO tb_ans_answers(pos_id,qst_number,ans_text) VALUES('56','15','3');
INSERT INTO tb_ans_answers(pos_id,qst_number,ans_text) VALUES('56','06','');
INSERT INTO tb_ans_answers(pos_id,qst_number,ans_text) VALUES('56','49a','1');
INSERT INTO tb_ans_answers(pos_id,qst_number,ans_text) VALUES('56','32a','0');
INSERT INTO tb_ans_answers(pos_id,qst_number,ans_text) VALUES('56','10','0');
INSERT INTO tb_ans_answers(pos_id,qst_number,ans_text) VALUES('56','39','1');
INSERT INTO tb_ans_answers(pos_id,qst_number,ans_text) VALUES('56','48a','1');
INSERT INTO tb_ans_answers(pos_id,qst_number,ans_text) VALUES('56','18b','2');
INSERT INTO tb_ans_answers(pos_id,qst_number,ans_text) VALUES('56','48b','1');
INSERT INTO tb_ans_answers(pos_id,qst_number,ans_text) VALUES('56','37','0');
INSERT INTO tb_ans_answers(pos_id,qst_number,ans_text) VALUES('56','13a','1');
INSERT INTO tb_ans_answers(pos_id,qst_number,ans_text) VALUES('56','19','61|304|');
INSERT INTO tb_ans_answers(pos_id,qst_number,ans_text) VALUES('56','05','41.1581410375551 -8.683532040034022');
INSERT INTO tb_ans_answers(pos_id,qst_number,ans_text) VALUES('56','25','0');
INSERT INTO tb_ans_answers(pos_id,qst_number,ans_text) VALUES('56','08','17|11|10|');
INSERT INTO tb_ans_answers(pos_id,qst_number,ans_text) VALUES('56','21','69|');
INSERT INTO tb_ans_answers(pos_id,qst_number,ans_text) VALUES('56','22','1');
INSERT INTO tb_ans_answers(pos_id,qst_number,ans_text) VALUES('56','38','1');
INSERT INTO tb_ans_answers(pos_id,qst_number,ans_text) VALUES('56','35','1');
INSERT INTO tb_ans_answers(pos_id,qst_number,ans_text) VALUES('56','44','135|134|');
INSERT INTO tb_ans_answers(pos_id,qst_number,ans_text) VALUES('56','03','8.80');
INSERT INTO tb_ans_answers(pos_id,qst_number,ans_text) VALUES('56','09','1');
INSERT INTO tb_ans_answers(pos_id,qst_number,ans_text) VALUES('56','23','1');
INSERT INTO tb_ans_answers(pos_id,qst_number,ans_text) VALUES('56','41','0');
INSERT INTO tb_ans_answers(pos_id,qst_number,ans_text) VALUES('56','13b','36|35|');
INSERT INTO tb_ans_answers(pos_id,qst_number,ans_text) VALUES('56','36','1');
INSERT INTO tb_ans_answers(pos_id,qst_number,ans_text) VALUES('56','07','2|');
INSERT INTO tb_ans_answers(pos_id,qst_number,ans_text) VALUES('56','26','1');
INSERT INTO tb_ans_answers(pos_id,qst_number,ans_text) VALUES('56','47','0');
INSERT INTO tb_ans_answers(pos_id,qst_number,ans_text) VALUES('56','45','1');
INSERT INTO tb_ans_answers(pos_id,qst_number,ans_text) VALUES('56','11','');
INSERT INTO tb_ans_answers(pos_id,qst_number,ans_text) VALUES('56','33','1');
INSERT INTO tb_ans_answers(pos_id,qst_number,ans_text) VALUES('56','27','92|91|90|88|87|86|');
INSERT INTO tb_ans_answers(pos_id,qst_number,ans_text) VALUES('56','43','1');
INSERT INTO tb_ans_answers(pos_id,qst_number,ans_text) VALUES('56','46c','0');
INSERT INTO tb_ans_answers(pos_id,qst_number,ans_text) VALUES('56','01','');
INSERT INTO tb_ans_answers(pos_id,qst_number,ans_text) VALUES('56','29','2|3|3|');
INSERT INTO tb_ans_answers(pos_id,qst_number,ans_text) VALUES('56','14','1');
INSERT INTO tb_ans_answers(pos_id,qst_number,ans_text) VALUES('56','31','0');
INSERT INTO tb_ans_answers(pos_id,qst_number,ans_text) VALUES('56','42','1');
INSERT INTO tb_ans_answers(pos_id,qst_number,ans_text) VALUES('56','18a','54|53|');
INSERT INTO tb_ans_answers(pos_id,qst_number,ans_text) VALUES('56','04','4150-519');
INSERT INTO tb_ans_answers(pos_id,qst_number,ans_text) VALUES('56','20','1');
INSERT INTO tb_ans_answers(pos_id,qst_number,ans_text) VALUES('56','28','96|');
INSERT INTO tb_ans_answers(pos_id,qst_number,ans_text) VALUES('56','16','48|');
INSERT INTO tb_ans_answers(pos_id,qst_number,ans_text) VALUES('56','49b','5');
INSERT INTO tb_ans_answers(pos_id,qst_number,ans_text) VALUES('56','49c','1');
INSERT INTO tb_ans_answers(pos_id,qst_number,ans_text) VALUES('56','24','1');
INSERT INTO tb_ans_answers(pos_id,qst_number,ans_text) VALUES('56','02','Av do Brasil, Foz do Douro, Porto');
INSERT INTO tb_ans_answers(pos_id,qst_number,ans_text) VALUES('56','32b','');
INSERT INTO tb_ans_answers(pos_id,qst_number,ans_text) VALUES('56','30','0');
INSERT INTO tb_ans_answers(pos_id,qst_number,ans_text) VALUES('27','23','1');
INSERT INTO tb_ans_answers(pos_id,qst_number,ans_text) VALUES('27','14','1');
INSERT INTO tb_ans_answers(pos_id,qst_number,ans_text) VALUES('27','16','49|');
INSERT INTO tb_ans_answers(pos_id,qst_number,ans_text) VALUES('27','41','0');
INSERT INTO tb_ans_answers(pos_id,qst_number,ans_text) VALUES('27','31','0');
INSERT INTO tb_ans_answers(pos_id,qst_number,ans_text) VALUES('27','46c','');
INSERT INTO tb_ans_answers(pos_id,qst_number,ans_text) VALUES('27','40','2');
INSERT INTO tb_ans_answers(pos_id,qst_number,ans_text) VALUES('27','47','1');
INSERT INTO tb_ans_answers(pos_id,qst_number,ans_text) VALUES('27','36','1');
INSERT INTO tb_ans_answers(pos_id,qst_number,ans_text) VALUES('27','43','1');
INSERT INTO tb_ans_answers(pos_id,qst_number,ans_text) VALUES('27','05','41.14509807609611 -8.619126262409347');
INSERT INTO tb_ans_answers(pos_id,qst_number,ans_text) VALUES('27','48a','');
INSERT INTO tb_ans_answers(pos_id,qst_number,ans_text) VALUES('27','13a','1');
INSERT INTO tb_ans_answers(pos_id,qst_number,ans_text) VALUES('27','30','0');
INSERT INTO tb_ans_answers(pos_id,qst_number,ans_text) VALUES('27','20','1');
INSERT INTO tb_ans_answers(pos_id,qst_number,ans_text) VALUES('27','34','4');
INSERT INTO tb_ans_answers(pos_id,qst_number,ans_text) VALUES('27','24','1');
INSERT INTO tb_ans_answers(pos_id,qst_number,ans_text) VALUES('27','42','0');
INSERT INTO tb_ans_answers(pos_id,qst_number,ans_text) VALUES('27','10','1');
INSERT INTO tb_ans_answers(pos_id,qst_number,ans_text) VALUES('27','37','0');
INSERT INTO tb_ans_answers(pos_id,qst_number,ans_text) VALUES('27','26','0');
INSERT INTO tb_ans_answers(pos_id,qst_number,ans_text) VALUES('27','29','0|');
INSERT INTO tb_ans_answers(pos_id,qst_number,ans_text) VALUES('27','32a','0');
INSERT INTO tb_ans_answers(pos_id,qst_number,ans_text) VALUES('27','15','2');
INSERT INTO tb_ans_answers(pos_id,qst_number,ans_text) VALUES('27','33','0');
INSERT INTO tb_ans_answers(pos_id,qst_number,ans_text) VALUES('27','38','1');
INSERT INTO tb_ans_answers(pos_id,qst_number,ans_text) VALUES('27','27','');
INSERT INTO tb_ans_answers(pos_id,qst_number,ans_text) VALUES('27','35','1');
INSERT INTO tb_ans_answers(pos_id,qst_number,ans_text) VALUES('27','45','3');
INSERT INTO tb_ans_answers(pos_id,qst_number,ans_text) VALUES('27','48b','');
INSERT INTO tb_ans_answers(pos_id,qst_number,ans_text) VALUES('27','19','');
INSERT INTO tb_ans_answers(pos_id,qst_number,ans_text) VALUES('27','25','0');
INSERT INTO tb_ans_answers(pos_id,qst_number,ans_text) VALUES('27','01','13');
INSERT INTO tb_ans_answers(pos_id,qst_number,ans_text) VALUES('27','44','135|');
INSERT INTO tb_ans_answers(pos_id,qst_number,ans_text) VALUES('27','08','');
INSERT INTO tb_ans_answers(pos_id,qst_number,ans_text) VALUES('27','49c','5');
INSERT INTO tb_ans_answers(pos_id,qst_number,ans_text) VALUES('27','02','Rua das Virtudes, Miragaia, Porto');
INSERT INTO tb_ans_answers(pos_id,qst_number,ans_text) VALUES('27','49a','4');
INSERT INTO tb_ans_answers(pos_id,qst_number,ans_text) VALUES('27','46b','');
INSERT INTO tb_ans_answers(pos_id,qst_number,ans_text) VALUES('27','03','1.54');
INSERT INTO tb_ans_answers(pos_id,qst_number,ans_text) VALUES('27','18b','');
INSERT INTO tb_ans_answers(pos_id,qst_number,ans_text) VALUES('27','39','1');
INSERT INTO tb_ans_answers(pos_id,qst_number,ans_text) VALUES('27','11','25|24|');
INSERT INTO tb_ans_answers(pos_id,qst_number,ans_text) VALUES('27','18a','55|');
INSERT INTO tb_ans_answers(pos_id,qst_number,ans_text) VALUES('27','22','2');
INSERT INTO tb_ans_answers(pos_id,qst_number,ans_text) VALUES('27','12','1');
INSERT INTO tb_ans_answers(pos_id,qst_number,ans_text) VALUES('27','49b','5');
INSERT INTO tb_ans_answers(pos_id,qst_number,ans_text) VALUES('27','32b','');
INSERT INTO tb_ans_answers(pos_id,qst_number,ans_text) VALUES('27','09','0');
INSERT INTO tb_ans_answers(pos_id,qst_number,ans_text) VALUES('27','06','1998');
INSERT INTO tb_ans_answers(pos_id,qst_number,ans_text) VALUES('27','04','4050-630');
INSERT INTO tb_ans_answers(pos_id,qst_number,ans_text) VALUES('27','17','1');
INSERT INTO tb_ans_answers(pos_id,qst_number,ans_text) VALUES('27','46a','3');
INSERT INTO tb_ans_answers(pos_id,qst_number,ans_text) VALUES('27','21','69|');
INSERT INTO tb_ans_answers(pos_id,qst_number,ans_text) VALUES('27','28','');
INSERT INTO tb_ans_answers(pos_id,qst_number,ans_text) VALUES('27','07','3|');
INSERT INTO tb_ans_answers(pos_id,qst_number,ans_text) VALUES('27','13b','39|36|');
INSERT INTO tb_ans_answers(pos_id,qst_number,ans_text) VALUES('25','32b','3');
INSERT INTO tb_ans_answers(pos_id,qst_number,ans_text) VALUES('25','16','49|48|');
INSERT INTO tb_ans_answers(pos_id,qst_number,ans_text) VALUES('25','37','1');
INSERT INTO tb_ans_answers(pos_id,qst_number,ans_text) VALUES('25','27','');
INSERT INTO tb_ans_answers(pos_id,qst_number,ans_text) VALUES('25','24','0');
INSERT INTO tb_ans_answers(pos_id,qst_number,ans_text) VALUES('25','10','1');
INSERT INTO tb_ans_answers(pos_id,qst_number,ans_text) VALUES('25','17','0');
INSERT INTO tb_ans_answers(pos_id,qst_number,ans_text) VALUES('25','36','1');
INSERT INTO tb_ans_answers(pos_id,qst_number,ans_text) VALUES('25','15','3');
INSERT INTO tb_ans_answers(pos_id,qst_number,ans_text) VALUES('25','23','0');
INSERT INTO tb_ans_answers(pos_id,qst_number,ans_text) VALUES('25','45','3');
INSERT INTO tb_ans_answers(pos_id,qst_number,ans_text) VALUES('25','05','41.169735058283095 -8.681272855666402');
INSERT INTO tb_ans_answers(pos_id,qst_number,ans_text) VALUES('25','41','0');
INSERT INTO tb_ans_answers(pos_id,qst_number,ans_text) VALUES('25','49a','1');
INSERT INTO tb_ans_answers(pos_id,qst_number,ans_text) VALUES('25','35','1');
INSERT INTO tb_ans_answers(pos_id,qst_number,ans_text) VALUES('25','03','60.99');
INSERT INTO tb_ans_answers(pos_id,qst_number,ans_text) VALUES('25','44','135|134|');
INSERT INTO tb_ans_answers(pos_id,qst_number,ans_text) VALUES('25','09','1');
INSERT INTO tb_ans_answers(pos_id,qst_number,ans_text) VALUES('25','11','25|24|23|');
INSERT INTO tb_ans_answers(pos_id,qst_number,ans_text) VALUES('25','18b','1');
INSERT INTO tb_ans_answers(pos_id,qst_number,ans_text) VALUES('25','48a','1');
INSERT INTO tb_ans_answers(pos_id,qst_number,ans_text) VALUES('25','38','1');
INSERT INTO tb_ans_answers(pos_id,qst_number,ans_text) VALUES('25','32a','1');
INSERT INTO tb_ans_answers(pos_id,qst_number,ans_text) VALUES('25','28','');
INSERT INTO tb_ans_answers(pos_id,qst_number,ans_text) VALUES('25','48b','1');
INSERT INTO tb_ans_answers(pos_id,qst_number,ans_text) VALUES('25','29','0|');
INSERT INTO tb_ans_answers(pos_id,qst_number,ans_text) VALUES('25','39','1');
INSERT INTO tb_ans_answers(pos_id,qst_number,ans_text) VALUES('25','02','Estrada Interior da Circunvalação, 15443, Aldoar/Nevogilde/Foz do Douro, Porto');
INSERT INTO tb_ans_answers(pos_id,qst_number,ans_text) VALUES('25','46a','3');
INSERT INTO tb_ans_answers(pos_id,qst_number,ans_text) VALUES('25','14','1');
INSERT INTO tb_ans_answers(pos_id,qst_number,ans_text) VALUES('25','42','1');
INSERT INTO tb_ans_answers(pos_id,qst_number,ans_text) VALUES('25','20','1');
INSERT INTO tb_ans_answers(pos_id,qst_number,ans_text) VALUES('25','13b','38|37|35|305|306|');
INSERT INTO tb_ans_answers(pos_id,qst_number,ans_text) VALUES('25','19','62|307|');
INSERT INTO tb_ans_answers(pos_id,qst_number,ans_text) VALUES('25','13a','1');
INSERT INTO tb_ans_answers(pos_id,qst_number,ans_text) VALUES('25','25','0');
INSERT INTO tb_ans_answers(pos_id,qst_number,ans_text) VALUES('25','26','0');
INSERT INTO tb_ans_answers(pos_id,qst_number,ans_text) VALUES('25','34','1');
INSERT INTO tb_ans_answers(pos_id,qst_number,ans_text) VALUES('25','47','0');
INSERT INTO tb_ans_answers(pos_id,qst_number,ans_text) VALUES('25','08','13|11|10|5|308|309|');
INSERT INTO tb_ans_answers(pos_id,qst_number,ans_text) VALUES('25','43','1');
INSERT INTO tb_ans_answers(pos_id,qst_number,ans_text) VALUES('25','49b','1');
INSERT INTO tb_ans_answers(pos_id,qst_number,ans_text) VALUES('25','06','1993');
INSERT INTO tb_ans_answers(pos_id,qst_number,ans_text) VALUES('25','46b','');
INSERT INTO tb_ans_answers(pos_id,qst_number,ans_text) VALUES('25','01','36');
INSERT INTO tb_ans_answers(pos_id,qst_number,ans_text) VALUES('25','49c','1');
INSERT INTO tb_ans_answers(pos_id,qst_number,ans_text) VALUES('25','40','4');
INSERT INTO tb_ans_answers(pos_id,qst_number,ans_text) VALUES('25','04','4100-083');
INSERT INTO tb_ans_answers(pos_id,qst_number,ans_text) VALUES('25','21','69|');
INSERT INTO tb_ans_answers(pos_id,qst_number,ans_text) VALUES('25','22','2');
INSERT INTO tb_ans_answers(pos_id,qst_number,ans_text) VALUES('25','18a','54|53|');
INSERT INTO tb_ans_answers(pos_id,qst_number,ans_text) VALUES('25','12','1');
INSERT INTO tb_ans_answers(pos_id,qst_number,ans_text) VALUES('25','31','1');
INSERT INTO tb_ans_answers(pos_id,qst_number,ans_text) VALUES('25','46c','');
INSERT INTO tb_ans_answers(pos_id,qst_number,ans_text) VALUES('25','33','1');
INSERT INTO tb_ans_answers(pos_id,qst_number,ans_text) VALUES('25','07','2|1|');
INSERT INTO tb_ans_answers(pos_id,qst_number,ans_text) VALUES('25','30','0');
